club_id,club,league_id,league,season,wins,draws,losses,pts,avg_xG,total_goals,total_goals_cond
71,Aston Villa,1,EPL,2014,10,8,20,38,0.8711229210526316,31,57
72,Everton,1,EPL,2014,12,11,15,47,1.1812680263157895,48,50
74,Southampton,1,EPL,2014,18,6,14,60,1.4464649210526315,54,33
75,Leicester,1,EPL,2014,11,8,19,41,1.2685895,46,55
76,West Bromwich Albion,1,EPL,2014,11,11,16,44,1.0165191868421053,38,51
77,Sunderland,1,EPL,2014,7,17,14,38,0.9854250789473685,31,53
78,Crystal Palace,1,EPL,2014,13,9,16,48,1.177807447368421,47,51
80,Chelsea,1,EPL,2014,26,9,3,87,1.8064031578947368,73,32
81,West Ham,1,EPL,2014,12,11,15,47,1.2286114210526318,44,47
82,Tottenham,1,EPL,2014,19,7,12,64,1.3785601052631578,58,53
83,Arsenal,1,EPL,2014,22,9,7,75,1.8369102894736844,71,36
84,Swansea,1,EPL,2014,16,8,14,56,1.0763482894736842,46,49
85,Stoke,1,EPL,2014,15,9,14,54,1.2173841315789473,48,45
86,Newcastle United,1,EPL,2014,10,9,19,39,1.0584575263157896,40,63
87,Liverpool,1,EPL,2014,18,8,12,62,1.3604533157894736,52,48
88,Manchester City,1,EPL,2014,24,7,7,79,1.995143184210526,83,38
89,Manchester United,1,EPL,2014,20,10,8,70,1.4264963157894737,62,37
91,Hull,1,EPL,2014,8,11,19,35,0.8629219210526315,33,51
92,Burnley,1,EPL,2014,7,12,19,33,1.0361223421052632,28,53
94,Verona,2,Serie A,2014,11,13,14,46,1.233770447368421,49,65
95,Roma,2,Serie A,2014,19,13,6,70,1.3382542631578946,54,31
96,Lazio,2,Serie A,2014,21,6,11,69,1.6314796052631577,71,38
98,Juventus,2,Serie A,2014,26,9,3,87,1.5546590526315789,72,24
99,Udinese,2,Serie A,2014,10,11,17,41,0.9173382105263158,43,56
100,Palermo,2,Serie A,2014,12,13,13,49,1.4466535263157894,53,55
101,Genoa,2,Serie A,2014,16,11,11,59,1.5084632631578947,62,47
102,Sampdoria,2,Serie A,2014,13,17,8,56,1.2522436631578948,48,42
104,Sassuolo,2,Serie A,2014,12,13,13,49,1.129330097368421,49,57
105,Napoli,2,Serie A,2014,18,9,11,63,1.697246842105263,70,54
106,Inter,2,Serie A,2014,14,13,11,55,1.5044288421052632,59,48
107,Atalanta,2,Serie A,2014,7,16,15,37,1.0772948947368421,38,57
108,Empoli,2,Serie A,2014,8,18,12,42,1.306919052631579,46,52
109,Chievo,2,Serie A,2014,10,13,15,43,0.868779552631579,28,41
110,Fiorentina,2,Serie A,2014,18,10,10,64,1.5965946052631579,61,46
111,AC Milan,2,Serie A,2014,13,13,12,52,1.2387513421052632,56,50
113,Torino,2,Serie A,2014,14,12,12,54,1.3626003157894737,48,45
116,Cagliari,2,Serie A,2014,8,10,20,34,1.4188657105263158,48,68
117,Bayern Munich,3,Bundesliga,2014,25,4,5,79,1.9472277999999998,80,18
118,Hamburger SV,3,Bundesliga,2014,9,8,17,35,0.9664464411764705,25,50
119,Bayer Leverkusen,3,Bundesliga,2014,17,10,7,61,1.4457558529411765,62,37
120,Hoffenheim,3,Bundesliga,2014,12,8,14,44,1.4695016764705882,49,55
121,Augsburg,3,Bundesliga,2014,15,4,15,49,1.2915205294117647,43,43
122,Hertha Berlin,3,Bundesliga,2014,9,8,17,35,0.9604832911764706,36,52
123,Werder Bremen,3,Bundesliga,2014,11,10,13,43,1.2551104411764706,50,65
124,Schalke 04,3,Bundesliga,2014,13,9,12,48,1.2134975235294116,42,40
125,Mainz 05,3,Bundesliga,2014,9,13,12,40,1.2915380294117647,45,47
128,Hannover 96,3,Bundesliga,2014,9,10,15,37,1.0714424705882353,40,56
129,Borussia Dortmund,3,Bundesliga,2014,13,7,14,46,1.5842206176470588,47,42
130,Borussia M.Gladbach,3,Bundesliga,2014,19,9,6,66,1.521810938235294,53,26
131,Wolfsburg,3,Bundesliga,2014,20,9,5,69,1.7161097352941177,72,38
132,Eintracht Frankfurt,3,Bundesliga,2014,11,10,13,43,1.3932269558823531,56,62
133,VfB Stuttgart,3,Bundesliga,2014,9,9,16,36,1.3423463529411763,42,60
134,FC Cologne,3,Bundesliga,2014,9,13,12,40,0.9477674117647058,34,40
135,Freiburg,3,Bundesliga,2014,7,13,14,34,1.1378829588235295,36,47
137,Malaga,4,La liga,2014,14,8,16,50,1.2163423157894737,42,48
138,Sevilla,4,La liga,2014,23,7,8,76,1.829648,71,45
139,Deportivo La Coruna,4,La liga,2014,7,14,17,35,0.9966115210526316,35,60
140,Real Sociedad,4,La liga,2014,11,13,14,46,0.8811893947368421,44,51
141,Espanyol,4,La liga,2014,13,10,15,49,1.1573471842105263,47,51
142,Getafe,4,La liga,2014,10,7,21,37,0.8939100131578948,33,64
143,Atletico Madrid,4,La liga,2014,23,9,6,78,1.5012544736842106,67,29
145,Rayo Vallecano,4,La liga,2014,15,4,19,49,1.257649894736842,46,68
146,Valencia,4,La liga,2014,22,11,5,77,1.449013157894737,70,32
147,Athletic Club,4,La liga,2014,15,10,13,55,1.19847765,42,41
148,Barcelona,4,La liga,2014,30,4,4,94,2.710004,110,21
150,Real Madrid,4,La liga,2014,30,2,6,92,2.5201642894736844,118,38
151,Levante,4,La liga,2014,9,10,19,37,0.9289922447368422,34,67
152,Celta Vigo,4,La liga,2014,13,12,13,51,1.5496666315789474,47,44
154,Villarreal,4,La liga,2014,16,12,10,60,1.4938947105263158,48,37
155,Granada,4,La liga,2014,7,14,17,35,0.9838756605263157,29,64
156,Eibar,4,La liga,2014,9,8,21,35,0.77789755,34,55
160,Lille,5,Ligue 1,2014,16,8,14,56,1.0767646315789474,43,42
161,Paris Saint Germain,5,Ligue 1,2014,24,11,3,83,2.0636823684210523,83,36
162,SC Bastia,5,Ligue 1,2014,12,11,15,47,0.7961418421052632,37,46
163,Rennes,5,Ligue 1,2014,13,11,14,50,0.9853458421052632,35,42
164,Marseille,5,Ligue 1,2014,21,6,11,69,1.5956315789473685,76,42
165,Caen,5,Ligue 1,2014,12,10,16,46,1.0894812631578947,54,55
166,Montpellier,5,Ligue 1,2014,16,8,14,56,1.1944506342105263,46,39
168,Nantes,5,Ligue 1,2014,11,12,15,45,0.949481394736842,29,40
169,Guingamp,5,Ligue 1,2014,15,4,19,49,0.9960882289473684,41,55
170,Nice,5,Ligue 1,2014,13,9,16,48,1.1893393289473684,44,53
171,Monaco,5,Ligue 1,2014,20,11,7,71,1.4896888421052632,51,26
174,Toulouse,5,Ligue 1,2014,12,6,20,42,1.0703403210526314,43,64
175,Saint-Etienne,5,Ligue 1,2014,19,12,7,69,1.223511,51,30
176,Bordeaux,5,Ligue 1,2014,17,12,9,63,1.2687698947368422,47,44
177,Reims,5,Ligue 1,2014,12,8,18,44,1.1433890789473684,47,66
178,Lyon,5,Ligue 1,2014,22,9,7,75,1.6539955,72,33
179,Lorient,5,Ligue 1,2014,12,7,19,43,1.0798818684210527,44,50
180,Metz,5,Ligue 1,2014,7,9,22,30,0.9873447394736843,31,61
183,Spartak Moscow,6,RFPL,2014,12,8,10,44,1.3637818333333334,42,42
184,FC Ufa,6,RFPL,2014,7,10,13,31,0.7501070766666668,26,39
185,CSKA Moscow,6,RFPL,2014,19,3,8,60,1.7007346333333333,67,27
186,Rubin Kazan,6,RFPL,2014,13,9,8,48,1.4234656666666665,39,33
187,FC Rostov,6,RFPL,2014,7,8,15,29,0.9788333333333333,27,51
188,FK Akhmat,6,RFPL,2014,10,7,13,37,0.8888028666666667,30,30
189,Zenit St. Petersburg,6,RFPL,2014,20,7,3,67,1.6839303333333333,58,17
190,Dinamo Moscow,6,RFPL,2014,14,8,8,50,1.4926379333333335,53,36
191,Mordovya,6,RFPL,2014,11,5,14,38,0.8022777033333334,22,43
192,Lokomotiv Moscow,6,RFPL,2014,11,10,9,43,1.1096512666666667,31,25
195,Amkar,6,RFPL,2014,8,8,14,32,0.8500967666666667,25,42
196,FC Krasnodar,6,RFPL,2014,17,9,4,60,1.4577166000000001,52,27
197,Kuban Krasnodar,6,RFPL,2014,8,12,10,36,1.1719264333333332,32,36
198,Ural,6,RFPL,2014,9,3,18,30,1.01190691,31,44
200,Arsenal Tula,6,RFPL,2014,7,4,19,25,0.8975323333333333,20,46
202,Queens Park Rangers,1,EPL,2014,8,6,24,30,1.2033181842105263,42,73
203,Cesena,2,Serie A,2014,4,12,22,24,0.9110010210526316,36,73
204,Parma,2,Serie A,2014,6,8,24,26,0.8359459210526315,33,75
205,Paderborn,3,Bundesliga,2014,7,10,17,31,1.0611695588235295,31,65
206,Cordoba,4,La liga,2014,3,11,24,20,0.7832766973684211,22,68
207,Elche,4,La liga,2014,11,8,19,41,1.0423908684210526,35,62
208,Almeria,4,La liga,2014,8,8,22,32,1.0176301184210526,35,64
209,Evian Thonon Gaillard,5,Ligue 1,2014,11,4,23,37,0.8920486342105263,41,62
210,Lens,5,Ligue 1,2014,7,8,23,29,1.0108088684210526,32,61
211,Torpedo Moscow,6,RFPL,2014,6,11,13,29,0.9737461,28,45
71,Aston Villa,1,EPL,2015,3,8,27,17,0.6980805105263158,27,76
72,Everton,1,EPL,2015,11,14,13,47,1.4205545236842105,59,55
73,Bournemouth,1,EPL,2015,11,9,18,42,1.0185746842105263,45,67
74,Southampton,1,EPL,2015,18,9,11,63,1.478989605263158,59,41
75,Leicester,1,EPL,2015,23,12,3,81,1.8004219473684209,68,36
76,West Bromwich Albion,1,EPL,2015,10,13,15,43,1.0461281657894737,34,48
77,Sunderland,1,EPL,2015,9,12,17,39,1.0662413684210528,48,62
78,Crystal Palace,1,EPL,2015,11,9,18,42,1.118622894736842,39,51
79,Norwich,1,EPL,2015,9,7,22,34,1.0312498421052632,39,67
80,Chelsea,1,EPL,2015,12,14,12,50,1.4336768157894737,59,53
81,West Ham,1,EPL,2015,16,14,8,62,1.4315938684210527,65,51
82,Tottenham,1,EPL,2015,19,13,6,70,1.6689305789473685,69,35
83,Arsenal,1,EPL,2015,20,11,7,71,1.9350244210526317,65,36
84,Swansea,1,EPL,2015,12,11,15,47,1.0515432105263158,42,52
85,Stoke,1,EPL,2015,14,9,15,51,1.1217519210526317,41,55
86,Newcastle United,1,EPL,2015,9,10,19,37,0.9896226421052631,44,65
87,Liverpool,1,EPL,2015,16,12,10,60,1.4306753157894736,63,50
88,Manchester City,1,EPL,2015,19,9,10,66,1.7420357894736842,71,41
89,Manchester United,1,EPL,2015,19,9,10,66,1.1953739736842106,49,35
90,Watford,1,EPL,2015,12,9,17,45,1.136832552631579,40,50
94,Verona,2,Serie A,2015,5,13,20,28,1.057158260526316,34,63
95,Roma,2,Serie A,2015,23,11,4,80,1.6954920789473682,83,41
96,Lazio,2,Serie A,2015,15,9,14,54,1.4528657105263159,52,52
97,Bologna,2,Serie A,2015,11,9,18,42,0.9336496578947369,33,45
98,Juventus,2,Serie A,2015,29,4,5,91,1.6576223421052632,75,20
99,Udinese,2,Serie A,2015,10,9,19,39,1.2186810263157895,35,60
100,Palermo,2,Serie A,2015,10,9,19,39,0.9617927368421053,38,65
101,Genoa,2,Serie A,2015,13,7,18,46,1.1917304815789473,45,48
102,Sampdoria,2,Serie A,2015,10,10,18,40,1.0664587368421052,48,61
103,Carpi,2,Serie A,2015,9,11,18,38,1.1413949421052632,37,57
104,Sassuolo,2,Serie A,2015,16,13,9,61,1.2453391578947368,49,40
105,Napoli,2,Serie A,2015,25,7,6,82,1.8296534210526316,80,32
106,Inter,2,Serie A,2015,20,7,11,67,1.4288378684210528,50,38
107,Atalanta,2,Serie A,2015,11,12,15,45,1.2125308157894736,41,47
108,Empoli,2,Serie A,2015,12,10,16,46,0.9957507631578948,40,49
109,Chievo,2,Serie A,2015,13,11,14,50,1.0681549210526315,43,45
110,Fiorentina,2,Serie A,2015,18,10,10,64,1.3998180263157893,60,42
111,AC Milan,2,Serie A,2015,15,12,11,57,1.4185888684210526,49,43
112,Frosinone,2,Serie A,2015,8,7,23,31,0.8906162894736841,35,76
113,Torino,2,Serie A,2015,12,9,17,45,1.3005240526315789,52,55
117,Bayern Munich,3,Bundesliga,2015,28,4,2,88,2.265926382352941,80,17
118,Hamburger SV,3,Bundesliga,2015,11,8,15,41,1.1398107647058824,40,46
119,Bayer Leverkusen,3,Bundesliga,2015,18,6,10,60,1.556113794117647,56,40
120,Hoffenheim,3,Bundesliga,2015,9,10,15,37,1.1633661176470589,39,54
121,Augsburg,3,Bundesliga,2015,9,11,14,38,1.2467781470588235,42,52
122,Hertha Berlin,3,Bundesliga,2015,14,8,12,50,1.0557359411764704,42,42
123,Werder Bremen,3,Bundesliga,2015,10,8,16,38,1.4742300411764706,50,65
124,Schalke 04,3,Bundesliga,2015,15,7,12,52,1.386171205882353,51,49
125,Mainz 05,3,Bundesliga,2015,14,8,12,50,1.4092412647058823,46,42
126,Ingolstadt,3,Bundesliga,2015,10,10,14,40,1.2065802676470587,33,42
127,Darmstadt,3,Bundesliga,2015,9,11,14,38,1.1479803205882353,38,53
128,Hannover 96,3,Bundesliga,2015,7,4,23,25,0.9537997529411766,31,62
129,Borussia Dortmund,3,Bundesliga,2015,24,6,4,78,2.453242294117647,82,34
130,Borussia M.Gladbach,3,Bundesliga,2015,17,4,13,55,1.5784986470588236,67,50
131,Wolfsburg,3,Bundesliga,2015,12,9,13,45,1.4555707352941176,47,49
132,Eintracht Frankfurt,3,Bundesliga,2015,9,9,16,36,0.9691025235294117,34,52
133,VfB Stuttgart,3,Bundesliga,2015,9,6,19,33,1.6970488823529413,50,75
134,FC Cologne,3,Bundesliga,2015,10,13,11,43,1.2609476176470589,38,42
137,Malaga,4,La liga,2015,12,12,14,48,1.2039969473684209,38,35
138,Sevilla,4,La liga,2015,14,10,14,52,1.6571219473684209,51,50
139,Deportivo La Coruna,4,La liga,2015,8,18,12,42,1.1512391315789474,45,61
140,Real Sociedad,4,La liga,2015,13,9,16,48,1.261766947368421,45,48
141,Espanyol,4,La liga,2015,12,7,19,43,1.2129436842105263,40,74
142,Getafe,4,La liga,2015,9,9,20,36,1.0992943684210528,37,67
143,Atletico Madrid,4,La liga,2015,28,4,6,88,1.4454569736842107,63,18
144,Las Palmas,4,La liga,2015,12,8,18,44,1.0177998157894736,45,53
145,Rayo Vallecano,4,La liga,2015,9,11,18,38,1.375248442105263,52,73
146,Valencia,4,La liga,2015,11,11,16,44,1.3291605,46,48
147,Athletic Club,4,La liga,2015,18,8,12,62,1.418331947368421,58,45
148,Barcelona,4,La liga,2015,29,4,5,91,2.989428157894737,112,29
149,Sporting Gijon,4,La liga,2015,10,9,19,39,1.1202071473684212,40,62
150,Real Madrid,4,La liga,2015,28,6,4,90,2.3803723157894736,110,34
151,Levante,4,La liga,2015,8,8,22,32,1.0321635078947369,37,70
152,Celta Vigo,4,La liga,2015,17,9,12,60,1.3211439473684212,51,59
153,Real Betis,4,La liga,2015,11,12,15,45,1.0555909236842105,34,52
154,Villarreal,4,La liga,2015,18,10,10,64,1.0654951052631578,44,35
155,Granada,4,La liga,2015,10,9,19,39,1.0882429736842105,46,69
156,Eibar,4,La liga,2015,11,10,17,43,1.3925438421052632,49,61
160,Lille,5,Ligue 1,2015,15,15,8,60,1.097202147368421,39,27
161,Paris Saint Germain,5,Ligue 1,2015,30,6,2,96,2.2684460789473686,102,19
162,SC Bastia,5,Ligue 1,2015,14,8,16,50,0.7766825394736842,36,42
163,Rennes,5,Ligue 1,2015,13,13,12,52,1.1290874473684211,52,54
164,Marseille,5,Ligue 1,2015,10,18,10,48,1.2865472368421054,48,42
165,Caen,5,Ligue 1,2015,16,6,16,54,1.1552645263157895,39,52
166,Montpellier,5,Ligue 1,2015,14,7,17,49,1.1351903684210527,49,47
167,Angers,5,Ligue 1,2015,13,11,14,50,0.9627206842105263,40,38
168,Nantes,5,Ligue 1,2015,12,12,14,48,0.9579698947368421,33,44
169,Guingamp,5,Ligue 1,2015,11,11,16,44,1.088150902631579,47,56
170,Nice,5,Ligue 1,2015,18,9,11,63,1.190297947368421,58,41
171,Monaco,5,Ligue 1,2015,17,14,7,65,1.5296998684210525,57,50
172,Troyes,5,Ligue 1,2015,3,9,26,18,0.9628736578947369,28,83
173,GFC Ajaccio,5,Ligue 1,2015,8,13,17,37,0.8558246421052632,37,58
174,Toulouse,5,Ligue 1,2015,9,13,16,40,1.324525,45,55
175,Saint-Etienne,5,Ligue 1,2015,17,7,14,58,1.1964060789473685,42,37
176,Bordeaux,5,Ligue 1,2015,12,14,12,50,1.2200618684210525,50,57
177,Reims,5,Ligue 1,2015,10,9,19,39,1.1281447894736842,44,57
178,Lyon,5,Ligue 1,2015,19,8,11,65,1.6581097631578947,67,43
179,Lorient,5,Ligue 1,2015,11,13,14,46,1.1134543157894736,47,58
183,Spartak Moscow,6,RFPL,2015,15,5,10,50,1.5731481666666667,48,39
184,FC Ufa,6,RFPL,2015,6,9,15,27,0.7136393000000001,25,44
185,CSKA Moscow,6,RFPL,2015,20,5,5,65,1.6488850333333334,51,25
186,Rubin Kazan,6,RFPL,2015,9,6,15,33,1.2281949333333333,33,39
187,FC Rostov,6,RFPL,2015,19,6,5,63,1.2409519,41,20
188,FK Akhmat,6,RFPL,2015,11,11,8,44,1.0134215333333334,35,30
189,Zenit St. Petersburg,6,RFPL,2015,17,8,5,59,1.9098223333333335,61,32
190,Dinamo Moscow,6,RFPL,2015,5,10,15,25,0.9883061000000001,25,47
191,Mordovya,6,RFPL,2015,4,12,14,24,1.0406097666666667,30,50
192,Lokomotiv Moscow,6,RFPL,2015,14,8,8,50,1.3146072,43,33
193,Anzhi Makhachkala,6,RFPL,2015,6,8,16,26,0.9583716333333333,28,50
194,Krylya Sovetov Samara,6,RFPL,2015,9,8,13,35,0.9199414333333333,19,31
195,Amkar,6,RFPL,2015,7,10,13,31,0.7891735000000001,22,33
196,FC Krasnodar,6,RFPL,2015,16,8,6,56,1.3940909,54,25
197,Kuban Krasnodar,6,RFPL,2015,5,11,14,26,0.976634306,34,44
198,Ural,6,RFPL,2015,10,9,11,39,1.0274091,39,46
72,Everton,1,EPL,2016,17,10,11,61,1.3061172131578946,62,44
73,Bournemouth,1,EPL,2016,12,10,16,46,1.3162140526315789,55,67
74,Southampton,1,EPL,2016,12,10,16,46,1.3153716184210527,41,48
75,Leicester,1,EPL,2016,12,8,18,44,1.1668640263157897,48,63
76,West Bromwich Albion,1,EPL,2016,12,9,17,45,1.0056215263157895,43,51
77,Sunderland,1,EPL,2016,6,6,26,24,0.9006231578947369,29,69
78,Crystal Palace,1,EPL,2016,12,5,21,41,1.194807105263158,50,63
80,Chelsea,1,EPL,2016,30,3,5,93,1.6262338684210527,85,33
81,West Ham,1,EPL,2016,12,9,17,45,1.2696198947368422,47,64
82,Tottenham,1,EPL,2016,26,8,4,86,1.843841552631579,86,26
83,Arsenal,1,EPL,2016,23,6,9,75,1.6731909736842105,77,44
84,Swansea,1,EPL,2016,12,5,21,41,1.039461655263158,45,70
85,Stoke,1,EPL,2016,11,11,16,44,1.2598426842105261,41,56
87,Liverpool,1,EPL,2016,22,10,6,76,1.7534883684210527,78,42
88,Manchester City,1,EPL,2016,23,9,6,78,2.1013536315789474,80,39
89,Manchester United,1,EPL,2016,18,15,5,69,1.5150357631578948,54,29
90,Watford,1,EPL,2016,11,7,20,40,0.9540673131578948,40,68
91,Hull,1,EPL,2016,9,7,22,34,0.890512947368421,37,80
92,Burnley,1,EPL,2016,11,7,20,40,0.9366245789473685,39,55
93,Middlesbrough,1,EPL,2016,5,13,20,28,0.8139506921052632,27,53
95,Roma,2,Serie A,2016,28,3,7,87,2.1841190789473686,90,38
96,Lazio,2,Serie A,2016,21,7,10,70,1.7206953684210529,74,51
97,Bologna,2,Serie A,2016,11,8,19,41,0.9608189736842107,40,58
98,Juventus,2,Serie A,2016,29,4,5,91,1.8088474736842106,77,27
99,Udinese,2,Serie A,2016,12,9,17,45,1.1825547368421052,47,56
100,Palermo,2,Serie A,2016,6,8,24,26,0.7609279210526316,33,77
101,Genoa,2,Serie A,2016,9,9,20,36,1.1893811842105264,38,64
102,Sampdoria,2,Serie A,2016,12,12,14,48,1.2151294736842104,49,55
104,Sassuolo,2,Serie A,2016,14,7,17,49,1.3307678947368422,60,61
105,Napoli,2,Serie A,2016,26,8,4,86,2.0397906842105265,94,39
106,Inter,2,Serie A,2016,19,5,14,62,1.8094861315789474,72,49
107,Atalanta,2,Serie A,2016,21,9,8,72,1.6156111052631579,62,41
108,Empoli,2,Serie A,2016,8,8,22,32,0.9234500421052632,29,61
109,Chievo,2,Serie A,2016,12,7,19,43,1.1247291052631578,43,61
110,Fiorentina,2,Serie A,2016,16,12,10,60,1.450993552631579,63,57
111,AC Milan,2,Serie A,2016,18,9,11,63,1.5703347894736843,57,45
113,Torino,2,Serie A,2016,13,14,11,53,1.5104470263157896,71,66
114,Pescara,2,Serie A,2016,2,9,27,15,1.1347901578947368,35,83
115,Crotone,2,Serie A,2016,9,7,22,34,0.8991740789473684,34,58
116,Cagliari,2,Serie A,2016,14,5,19,47,1.1164460552631579,55,76
117,Bayern Munich,3,Bundesliga,2016,25,7,2,82,2.1737820294117647,89,22
118,Hamburger SV,3,Bundesliga,2016,10,8,16,38,0.9386474411764706,33,61
119,Bayer Leverkusen,3,Bundesliga,2016,11,8,15,41,1.561888705882353,53,55
120,Hoffenheim,3,Bundesliga,2016,16,14,4,62,1.6030554117647058,64,37
121,Augsburg,3,Bundesliga,2016,9,11,14,38,0.9965514705882353,35,51
122,Hertha Berlin,3,Bundesliga,2016,15,4,15,49,1.1220637352941178,43,47
123,Werder Bremen,3,Bundesliga,2016,13,6,15,45,1.2644917647058822,61,64
124,Schalke 04,3,Bundesliga,2016,11,10,13,43,1.3193424705882353,45,40
125,Mainz 05,3,Bundesliga,2016,10,7,17,37,1.2459861764705882,44,55
126,Ingolstadt,3,Bundesliga,2016,8,8,18,32,1.3091441764705882,36,57
127,Darmstadt,3,Bundesliga,2016,7,4,23,25,0.9972595000000001,28,63
129,Borussia Dortmund,3,Bundesliga,2016,18,10,6,64,2.2031900588235294,72,40
130,Borussia M.Gladbach,3,Bundesliga,2016,12,9,13,45,1.3476986764705883,45,49
131,Wolfsburg,3,Bundesliga,2016,10,7,17,37,1.3078234999999998,34,52
132,Eintracht Frankfurt,3,Bundesliga,2016,11,9,14,42,1.2820747352941178,36,43
134,FC Cologne,3,Bundesliga,2016,12,13,9,49,1.3333977647058823,51,42
135,Freiburg,3,Bundesliga,2016,14,6,14,48,1.1591485294117647,42,60
136,RasenBallsport Leipzig,3,Bundesliga,2016,20,7,7,67,1.6203448911764706,66,39
137,Malaga,4,La liga,2016,12,10,16,46,1.062350894736842,49,55
138,Sevilla,4,La liga,2016,21,9,8,72,1.5551269736842106,69,49
139,Deportivo La Coruna,4,La liga,2016,8,12,18,36,1.0788250552631578,43,61
140,Real Sociedad,4,La liga,2016,19,7,12,64,1.1995696131578948,59,53
141,Espanyol,4,La liga,2016,15,11,12,56,0.8566630631578946,49,50
143,Atletico Madrid,4,La liga,2016,23,9,6,78,1.5962868421052632,70,27
144,Las Palmas,4,La liga,2016,10,9,19,39,1.073603,53,74
146,Valencia,4,La liga,2016,13,7,18,46,1.324725605263158,56,65
147,Athletic Club,4,La liga,2016,19,6,13,63,1.3442438421052632,53,43
148,Barcelona,4,La liga,2016,28,6,4,90,2.4618840526315786,116,37
149,Sporting Gijon,4,La liga,2016,7,10,21,31,0.9567052105263159,42,72
150,Real Madrid,4,La liga,2016,29,6,3,93,2.391221315789474,106,41
152,Celta Vigo,4,La liga,2016,13,6,19,45,1.0652829736842104,53,69
153,Real Betis,4,La liga,2016,10,9,19,39,0.9398790789473683,41,64
154,Villarreal,4,La liga,2016,19,10,9,67,1.374440447368421,56,33
155,Granada,4,La liga,2016,4,8,26,20,0.7812135315789474,30,82
156,Eibar,4,La liga,2016,15,9,14,54,1.1310617894736843,56,51
157,Osasuna,4,La liga,2016,4,10,24,22,0.8718317368421054,40,94
158,Alaves,4,La liga,2016,14,13,11,55,1.1210817236842106,41,43
159,Leganes,4,La liga,2016,8,11,19,35,0.8734103236842106,36,55
160,Lille,5,Ligue 1,2016,13,7,18,46,1.1601052368421052,40,47
161,Paris Saint Germain,5,Ligue 1,2016,27,6,5,87,2.1621683947368417,83,27
162,SC Bastia,5,Ligue 1,2016,8,10,19,34,0.8720441243243242,29,54
163,Rennes,5,Ligue 1,2016,12,14,12,50,1.1001462368421053,36,42
164,Marseille,5,Ligue 1,2016,17,11,10,62,1.416534552631579,57,41
165,Caen,5,Ligue 1,2016,10,7,21,37,1.1915527184210526,36,65
166,Montpellier,5,Ligue 1,2016,10,9,19,39,1.1631364736842105,48,66
167,Angers,5,Ligue 1,2016,13,7,18,46,1.2156418157894737,40,49
168,Nantes,5,Ligue 1,2016,14,9,15,51,1.1311998157894738,40,54
169,Guingamp,5,Ligue 1,2016,14,8,16,50,1.2404997447368422,46,53
170,Nice,5,Ligue 1,2016,22,12,4,78,1.3562312105263157,63,36
171,Monaco,5,Ligue 1,2016,30,5,3,95,2.000973157894737,107,31
174,Toulouse,5,Ligue 1,2016,10,14,14,44,1.083881552631579,37,41
175,Saint-Etienne,5,Ligue 1,2016,12,14,12,50,1.12938,41,42
176,Bordeaux,5,Ligue 1,2016,15,14,9,59,1.3689906315789475,53,43
178,Lyon,5,Ligue 1,2016,20,4,13,64,1.922413135135135,77,48
179,Lorient,5,Ligue 1,2016,10,6,22,36,1.169901052631579,44,70
180,Metz,5,Ligue 1,2016,11,10,17,43,0.9146218684210526,39,72
181,Dijon,5,Ligue 1,2016,8,13,17,37,1.0155353684210526,46,58
182,Nancy,5,Ligue 1,2016,9,8,21,35,0.8572906657894738,29,52
183,Spartak Moscow,6,RFPL,2016,22,3,5,69,1.1891912333333332,46,27
184,FC Ufa,6,RFPL,2016,12,7,11,43,0.76165865,22,25
185,CSKA Moscow,6,RFPL,2016,18,8,4,62,1.2355192,47,15
186,Rubin Kazan,6,RFPL,2016,10,8,12,38,1.0533395,30,34
187,FC Rostov,6,RFPL,2016,13,9,8,48,0.8402290666666666,36,18
188,FK Akhmat,6,RFPL,2016,14,6,10,48,1.0108343533333335,38,35
189,Zenit St. Petersburg,6,RFPL,2016,18,7,5,61,1.5039662,50,19
192,Lokomotiv Moscow,6,RFPL,2016,10,12,8,42,1.1403132666666667,39,27
193,Anzhi Makhachkala,6,RFPL,2016,7,9,14,30,0.8121570333333333,24,38
194,Krylya Sovetov Samara,6,RFPL,2016,6,10,14,28,1.1346027666666667,31,39
195,Amkar,6,RFPL,2016,8,11,11,35,0.6656873266666667,25,29
196,FC Krasnodar,6,RFPL,2016,12,13,5,49,1.0442057666666666,40,22
198,Ural,6,RFPL,2016,8,6,16,30,0.6422859933333334,24,44
199,FC Orenburg,6,RFPL,2016,7,9,14,30,0.8203849000000001,25,36
200,Arsenal Tula,6,RFPL,2016,7,7,16,28,0.7048462333333333,18,40
201,Tom Tomsk,6,RFPL,2016,3,5,22,14,0.5021497133333334,17,64
72,Everton,1,EPL,2017,13,10,15,49,1.150197657894737,44,58
73,Bournemouth,1,EPL,2017,11,11,16,44,1.0524173684210527,45,61
74,Southampton,1,EPL,2017,7,15,16,36,1.1021091315789473,37,56
75,Leicester,1,EPL,2017,12,11,15,47,1.323387202631579,56,60
76,West Bromwich Albion,1,EPL,2017,6,13,19,31,0.9259052894736842,31,56
78,Crystal Palace,1,EPL,2017,11,11,16,44,1.4934132631578947,45,55
80,Chelsea,1,EPL,2017,21,7,10,70,1.5568602368421052,62,38
81,West Ham,1,EPL,2017,10,12,16,42,0.968456052631579,48,68
82,Tottenham,1,EPL,2017,23,8,7,77,1.8134708947368423,74,36
83,Arsenal,1,EPL,2017,19,6,13,63,1.9018246052631578,74,51
84,Swansea,1,EPL,2017,8,9,21,33,0.7819232815789473,28,56
85,Stoke,1,EPL,2017,7,12,19,33,0.9672173421052631,35,68
86,Newcastle United,1,EPL,2017,12,8,18,44,1.174358105263158,39,47
87,Liverpool,1,EPL,2017,21,12,5,75,2.0390820789473683,84,38
88,Manchester City,1,EPL,2017,32,4,2,100,2.406161710526316,106,27
89,Manchester United,1,EPL,2017,25,6,7,81,1.553774,68,28
90,Watford,1,EPL,2017,11,8,19,41,1.2065112894736842,44,64
92,Burnley,1,EPL,2017,14,12,12,54,0.8624134736842105,36,39
94,Verona,2,Serie A,2017,7,4,27,25,0.8885055710526316,30,78
95,Roma,2,Serie A,2017,23,8,7,77,1.7270074736842105,61,28
96,Lazio,2,Serie A,2017,21,9,8,72,1.750169552631579,89,49
97,Bologna,2,Serie A,2017,11,6,21,39,0.9503428947368422,40,52
98,Juventus,2,Serie A,2017,30,5,3,95,1.5586509210526316,86,24
99,Udinese,2,Serie A,2017,12,4,22,40,1.1887118157894736,48,63
101,Genoa,2,Serie A,2017,11,8,19,41,1.110748452631579,33,43
102,Sampdoria,2,Serie A,2017,16,6,16,54,1.3984022868421053,56,60
104,Sassuolo,2,Serie A,2017,11,10,17,43,1.2407593157894736,29,59
105,Napoli,2,Serie A,2017,28,7,3,91,1.8540427710526315,77,29
106,Inter,2,Serie A,2017,20,12,6,72,1.600916552631579,66,30
107,Atalanta,2,Serie A,2017,16,12,10,60,1.6919637631578948,57,39
109,Chievo,2,Serie A,2017,10,10,18,40,0.9037535973684211,36,59
110,Fiorentina,2,Serie A,2017,16,9,13,57,1.424185447368421,54,46
111,AC Milan,2,Serie A,2017,18,10,10,64,1.3388326842105263,56,42
113,Torino,2,Serie A,2017,13,15,10,54,1.2261085263157894,54,46
115,Crotone,2,Serie A,2017,9,8,21,35,0.8747345342105263,40,66
116,Cagliari,2,Serie A,2017,11,6,21,39,1.0071726315789473,33,61
117,Bayern Munich,3,Bundesliga,2017,27,3,4,84,2.251438382352941,92,28
118,Hamburger SV,3,Bundesliga,2017,8,7,19,31,1.0599745649999999,29,53
119,Bayer Leverkusen,3,Bundesliga,2017,15,10,9,55,1.6759654705882354,58,44
120,Hoffenheim,3,Bundesliga,2017,15,10,9,55,1.4916488235294116,66,48
121,Augsburg,3,Bundesliga,2017,10,11,13,41,1.2430062352941176,43,46
122,Hertha Berlin,3,Bundesliga,2017,10,13,11,43,1.13456425,43,46
123,Werder Bremen,3,Bundesliga,2017,10,12,12,42,1.132599117647059,37,40
124,Schalke 04,3,Bundesliga,2017,18,9,7,63,1.377338705882353,53,37
125,Mainz 05,3,Bundesliga,2017,9,9,16,36,0.9307861764705883,38,52
128,Hannover 96,3,Bundesliga,2017,10,9,15,39,1.2123049705882354,44,54
129,Borussia Dortmund,3,Bundesliga,2017,15,10,9,55,1.9440569705882353,64,47
130,Borussia M.Gladbach,3,Bundesliga,2017,13,8,13,47,1.5072745588235295,47,52
131,Wolfsburg,3,Bundesliga,2017,6,15,13,33,0.944279244117647,36,48
132,Eintracht Frankfurt,3,Bundesliga,2017,14,7,13,49,1.2076259999999999,45,45
133,VfB Stuttgart,3,Bundesliga,2017,15,6,13,51,1.115063882352941,36,36
134,FC Cologne,3,Bundesliga,2017,5,7,22,22,1.220606205882353,35,70
135,Freiburg,3,Bundesliga,2017,8,12,14,36,1.0877160294117647,32,56
136,RasenBallsport Leipzig,3,Bundesliga,2017,15,8,11,53,1.5124206470588235,57,53
137,Malaga,4,La liga,2017,5,5,28,20,0.9441167631578948,24,61
138,Sevilla,4,La liga,2017,17,7,14,58,1.6181862631578947,49,58
139,Deportivo La Coruna,4,La liga,2017,6,11,21,29,1.3098728684210525,38,76
140,Real Sociedad,4,La liga,2017,14,7,17,49,1.482862157894737,66,59
141,Espanyol,4,La liga,2017,12,13,13,49,1.0941226842105263,36,42
142,Getafe,4,La liga,2017,15,10,13,55,1.2902488684210527,42,33
143,Atletico Madrid,4,La liga,2017,23,10,5,79,1.3234336842105263,58,22
144,Las Palmas,4,La liga,2017,5,7,26,22,0.9967161894736842,24,74
146,Valencia,4,La liga,2017,22,7,9,73,1.5200887789473685,65,38
147,Athletic Club,4,La liga,2017,10,13,15,43,1.3627794210526316,41,49
148,Barcelona,4,La liga,2017,28,9,1,93,2.3812303157894736,99,29
150,Real Madrid,4,La liga,2017,22,10,6,76,2.4022992105263157,94,44
151,Levante,4,La liga,2017,11,13,14,46,1.1632147631578948,44,58
152,Celta Vigo,4,La liga,2017,13,10,15,49,1.4365791631578948,59,60
153,Real Betis,4,La liga,2017,18,6,14,60,1.2293543157894735,60,61
154,Villarreal,4,La liga,2017,18,7,13,61,1.4649854210526316,57,50
156,Eibar,4,La liga,2017,14,9,15,51,1.0900926315789472,44,50
158,Alaves,4,La liga,2017,15,2,21,47,0.9968295526315789,40,50
159,Leganes,4,La liga,2017,12,7,19,43,1.0330779184210528,34,51
160,Lille,5,Ligue 1,2017,10,8,20,38,0.9507451315789474,41,67
161,Paris Saint Germain,5,Ligue 1,2017,29,6,3,93,2.3664288421052633,108,29
163,Rennes,5,Ligue 1,2017,16,10,12,58,1.236055,50,44
164,Marseille,5,Ligue 1,2017,22,11,5,77,2.163099447368421,80,47
165,Caen,5,Ligue 1,2017,10,8,20,38,1.0835344210526316,27,52
166,Montpellier,5,Ligue 1,2017,11,18,9,51,1.047599605263158,36,33
167,Angers,5,Ligue 1,2017,9,14,15,41,1.2145556315789474,42,52
168,Nantes,5,Ligue 1,2017,14,10,14,52,1.0473737368421052,36,41
169,Guingamp,5,Ligue 1,2017,12,11,15,47,1.1015513605263159,48,59
170,Nice,5,Ligue 1,2017,15,9,14,54,1.2462569736842106,53,52
171,Monaco,5,Ligue 1,2017,24,8,6,80,1.6424191315789474,85,45
172,Troyes,5,Ligue 1,2017,9,6,23,33,0.9770658,32,59
174,Toulouse,5,Ligue 1,2017,9,10,19,37,1.1393372631578946,38,54
175,Saint-Etienne,5,Ligue 1,2017,15,10,13,55,1.3430226052631578,47,50
176,Bordeaux,5,Ligue 1,2017,16,7,15,55,1.3830835263157895,53,48
178,Lyon,5,Ligue 1,2017,23,9,6,78,1.7175972631578948,87,43
180,Metz,5,Ligue 1,2017,6,8,24,26,0.9579082447368421,34,76
181,Dijon,5,Ligue 1,2017,13,9,16,48,1.0533005,55,73
183,Spartak Moscow,6,RFPL,2017,16,8,6,56,1.6369239,51,32
184,FC Ufa,6,RFPL,2017,11,10,9,43,0.9412432333333333,34,30
185,CSKA Moscow,6,RFPL,2017,17,7,6,58,1.5235798,49,23
186,Rubin Kazan,6,RFPL,2017,9,11,10,38,0.9415513666666667,32,25
187,FC Rostov,6,RFPL,2017,9,10,11,37,0.9065912333333334,27,28
188,FK Akhmat,6,RFPL,2017,10,9,11,39,1.047305,30,34
189,Zenit St. Petersburg,6,RFPL,2017,14,11,5,53,1.5313909333333333,46,21
190,Dinamo Moscow,6,RFPL,2017,10,10,10,40,1.0433847766666666,29,30
192,Lokomotiv Moscow,6,RFPL,2017,18,6,6,60,1.2138950666666666,41,21
193,Anzhi Makhachkala,6,RFPL,2017,6,6,18,24,0.8835671266666666,31,55
195,Amkar,6,RFPL,2017,9,8,13,35,0.8120519333333333,20,30
196,FC Krasnodar,6,RFPL,2017,16,6,8,54,1.2931128333333333,46,30
198,Ural,6,RFPL,2017,8,13,9,37,0.9308520666666666,31,32
200,Arsenal Tula,6,RFPL,2017,12,6,12,42,1.0868414,35,41
217,Tosno,6,RFPL,2017,6,6,18,24,0.73912935,23,54
218,SKA-Khabarovsk,6,RFPL,2017,2,7,21,13,0.6003457366666667,16,55
219,Huddersfield,1,EPL,2017,9,10,19,37,0.845627452631579,28,58
220,Brighton,1,EPL,2017,9,13,16,40,0.9793267499999999,34,54
221,SPAL 2013,2,Serie A,2017,8,14,16,38,0.9108815789473684,39,59
222,Benevento,2,Serie A,2017,6,3,29,21,1.0055092894736841,33,84
223,Girona,4,La liga,2017,14,9,15,51,1.3710198157894737,50,59
224,Amiens,5,Ligue 1,2017,12,9,17,45,0.8280405394736842,37,42
225,Strasbourg,5,Ligue 1,2017,9,11,18,38,1.1387483684210526,44,67
72,Everton,1,EPL,2018,15,9,14,54,1.4175298421052631,54,46
73,Bournemouth,1,EPL,2018,13,6,19,45,1.5477078684210526,56,70
74,Southampton,1,EPL,2018,9,12,17,39,1.3071401315789475,45,65
75,Leicester,1,EPL,2018,15,7,16,52,1.3714250789473685,51,48
78,Crystal Palace,1,EPL,2018,14,7,17,49,1.3326885789473686,51,53
80,Chelsea,1,EPL,2018,21,9,8,72,1.6833685263157896,63,39
81,West Ham,1,EPL,2018,15,7,16,52,1.2621191552631579,52,55
82,Tottenham,1,EPL,2018,23,2,13,71,1.6249120263157895,67,39
83,Arsenal,1,EPL,2018,21,7,10,70,1.7051413684210526,73,51
86,Newcastle United,1,EPL,2018,12,9,17,45,1.0502802763157895,42,48
87,Liverpool,1,EPL,2018,30,7,1,97,2.090987894736842,89,22
88,Manchester City,1,EPL,2018,32,2,4,98,2.4663304999999998,95,23
89,Manchester United,1,EPL,2018,19,9,10,66,1.8057236315789473,65,54
90,Watford,1,EPL,2018,14,8,16,50,1.3614091052631578,52,59
92,Burnley,1,EPL,2018,11,7,20,40,1.1774004184210527,45,68
95,Roma,2,Serie A,2018,18,12,8,66,1.7998467105263158,66,48
96,Lazio,2,Serie A,2018,17,8,13,59,1.6122389210526316,56,46
97,Bologna,2,Serie A,2018,11,11,16,44,1.265806657894737,48,56
98,Juventus,2,Serie A,2018,28,6,4,90,1.6980836842105262,70,30
99,Udinese,2,Serie A,2018,11,10,17,43,1.1180600789473685,39,53
101,Genoa,2,Serie A,2018,8,14,16,38,1.1720807315789472,39,57
102,Sampdoria,2,Serie A,2018,15,8,15,53,1.399862,60,51
104,Sassuolo,2,Serie A,2018,9,16,13,43,1.3093374473684212,53,60
105,Napoli,2,Serie A,2018,24,7,7,79,1.795735342105263,74,36
106,Inter,2,Serie A,2018,20,9,9,69,1.7493117894736843,57,33
107,Atalanta,2,Serie A,2018,20,9,9,69,1.958560342105263,77,46
108,Empoli,2,Serie A,2018,10,8,20,38,1.3700373421052632,51,70
109,Chievo,2,Serie A,2018,2,14,22,20,0.9599034078947368,25,75
110,Fiorentina,2,Serie A,2018,8,17,13,41,1.4242911315789475,47,45
111,AC Milan,2,Serie A,2018,19,11,8,68,1.3727582368421054,55,36
112,Frosinone,2,Serie A,2018,5,10,23,25,0.9500855815789473,29,69
113,Torino,2,Serie A,2018,16,15,7,63,1.222926447368421,52,37
116,Cagliari,2,Serie A,2018,10,11,17,41,1.0773551315789474,36,54
117,Bayern Munich,3,Bundesliga,2018,24,6,4,78,2.7129663823529415,88,32
119,Bayer Leverkusen,3,Bundesliga,2018,18,4,12,58,1.8085197647058824,69,52
120,Hoffenheim,3,Bundesliga,2018,13,12,9,51,2.3516071764705884,70,52
121,Augsburg,3,Bundesliga,2018,8,8,18,32,1.3953993235294118,51,71
122,Hertha Berlin,3,Bundesliga,2018,11,10,13,43,1.485888,49,57
123,Werder Bremen,3,Bundesliga,2018,14,11,9,53,1.4517773235294116,58,49
124,Schalke 04,3,Bundesliga,2018,8,9,17,33,1.3711266764705883,37,55
125,Mainz 05,3,Bundesliga,2018,12,7,15,43,1.447477794117647,46,57
128,Hannover 96,3,Bundesliga,2018,5,6,23,21,1.0237881470588235,31,71
129,Borussia Dortmund,3,Bundesliga,2018,23,7,4,76,1.9116000588235291,81,44
130,Borussia M.Gladbach,3,Bundesliga,2018,16,7,11,55,1.6154761470588235,55,42
131,Wolfsburg,3,Bundesliga,2018,16,7,11,55,1.4556159117647058,62,50
132,Eintracht Frankfurt,3,Bundesliga,2018,15,9,10,54,1.8188968529411764,60,48
133,VfB Stuttgart,3,Bundesliga,2018,7,7,20,28,1.099339255882353,32,70
135,Freiburg,3,Bundesliga,2018,8,12,14,36,1.2125057647058823,46,61
136,RasenBallsport Leipzig,3,Bundesliga,2018,19,9,6,66,2.0072472352941175,63,29
138,Sevilla,4,La liga,2018,17,8,13,59,1.8200606842105262,62,47
140,Real Sociedad,4,La liga,2018,13,11,14,50,1.2628184473684212,45,46
141,Espanyol,4,La liga,2018,14,11,13,53,1.3199301578947367,48,50
142,Getafe,4,La liga,2018,15,14,9,59,1.2377415263157894,48,35
143,Atletico Madrid,4,La liga,2018,22,10,6,76,1.365061157894737,55,29
145,Rayo Vallecano,4,La liga,2018,8,8,22,32,1.2429785,41,70
146,Valencia,4,La liga,2018,15,16,7,61,1.6285512894736842,51,35
147,Athletic Club,4,La liga,2018,13,14,11,53,1.1695085263157896,41,45
148,Barcelona,4,La liga,2018,26,9,3,87,2.1915666842105264,90,36
150,Real Madrid,4,La liga,2018,21,5,12,68,1.806704552631579,63,46
151,Levante,4,La liga,2018,11,11,16,44,1.423392447368421,59,66
152,Celta Vigo,4,La liga,2018,10,11,17,41,1.281575052631579,53,62
153,Real Betis,4,La liga,2018,14,8,16,50,1.3599322368421052,44,52
154,Villarreal,4,La liga,2018,10,14,14,44,1.4420984210526315,49,52
156,Eibar,4,La liga,2018,11,14,13,47,1.490358052631579,46,50
158,Alaves,4,La liga,2018,13,11,14,50,1.075605605263158,39,50
159,Leganes,4,La liga,2018,11,12,15,45,1.0855074736842105,37,43
160,Lille,5,Ligue 1,2018,22,9,7,75,1.5791225263157895,68,33
161,Paris Saint Germain,5,Ligue 1,2018,29,4,5,91,2.509054210526316,105,35
163,Rennes,5,Ligue 1,2018,13,13,12,52,1.4750307894736843,55,52
164,Marseille,5,Ligue 1,2018,18,7,13,61,1.3705401842105265,60,52
165,Caen,5,Ligue 1,2018,7,12,19,33,0.7097920342105264,29,54
166,Montpellier,5,Ligue 1,2018,15,14,9,59,1.2268599210526316,53,42
167,Angers,5,Ligue 1,2018,10,16,12,46,1.2498957368421053,44,49
168,Nantes,5,Ligue 1,2018,13,9,16,48,1.2641694210526315,48,48
169,Guingamp,5,Ligue 1,2018,5,12,21,27,1.0382904421052632,28,68
170,Nice,5,Ligue 1,2018,15,11,12,56,1.1434082368421052,30,35
171,Monaco,5,Ligue 1,2018,8,12,18,36,1.223547847368421,38,57
174,Toulouse,5,Ligue 1,2018,8,14,16,38,1.1244156842105262,35,57
175,Saint-Etienne,5,Ligue 1,2018,19,9,10,66,1.5223438157894735,59,41
176,Bordeaux,5,Ligue 1,2018,10,11,17,41,0.9806941710526317,34,42
177,Reims,5,Ligue 1,2018,13,16,9,55,0.9768295,39,42
178,Lyon,5,Ligue 1,2018,21,9,8,72,1.913528736842105,70,47
181,Dijon,5,Ligue 1,2018,9,7,22,34,0.950814,31,60
183,Spartak Moscow,6,RFPL,2018,14,7,9,49,1.2966031666666666,36,31
184,FC Ufa,6,RFPL,2018,5,11,14,26,0.8432717200000001,24,34
185,CSKA Moscow,6,RFPL,2018,14,9,7,51,1.4858530666666667,46,23
186,Rubin Kazan,6,RFPL,2018,7,15,8,36,0.9172526333333334,24,30
187,FC Rostov,6,RFPL,2018,10,11,9,41,0.9338768333333333,25,23
188,FK Akhmat,6,RFPL,2018,11,9,10,42,0.8638809466666667,28,30
189,Zenit St. Petersburg,6,RFPL,2018,20,4,6,64,1.6486686933333334,57,29
190,Dinamo Moscow,6,RFPL,2018,6,15,9,33,1.1447396666666667,28,28
192,Lokomotiv Moscow,6,RFPL,2018,16,8,6,56,1.4082714333333333,45,28
193,Anzhi Makhachkala,6,RFPL,2018,5,6,19,21,0.5897509000000001,13,50
194,Krylya Sovetov Samara,6,RFPL,2018,8,4,18,28,0.9943192,25,46
196,FC Krasnodar,6,RFPL,2018,16,8,6,56,1.7111760999999999,55,23
198,Ural,6,RFPL,2018,10,8,12,38,1.0582619666666666,33,45
199,FC Orenburg,6,RFPL,2018,12,7,11,43,1.0690631333333334,39,34
200,Arsenal Tula,6,RFPL,2018,12,10,8,46,1.0830831,40,33
219,Huddersfield,1,EPL,2018,3,7,28,16,0.763217447368421,22,76
220,Brighton,1,EPL,2018,9,9,20,36,0.9744175789473684,35,60
221,SPAL 2013,2,Serie A,2018,11,9,18,42,1.1390544736842105,44,56
223,Girona,4,La liga,2018,9,10,19,37,1.1312273157894737,37,53
224,Amiens,5,Ligue 1,2018,9,11,18,38,0.9113338421052631,31,52
225,Strasbourg,5,Ligue 1,2018,11,16,11,49,1.0681247368421054,58,48
226,FC Yenisey Krasnoyarsk,6,RFPL,2018,4,8,18,20,0.98717622,24,55
227,Cardiff,1,EPL,2018,10,4,24,34,1.0992033315789473,34,69
228,Fulham,1,EPL,2018,7,5,26,26,1.121628,34,81
229,Wolverhampton Wanderers,1,EPL,2018,16,9,13,57,1.3962813578947368,47,46
230,Parma Calcio 1913,2,Serie A,2018,10,11,17,41,1.08154325,41,61
231,Real Valladolid,4,La liga,2018,10,11,17,41,1.0958301842105265,32,51
232,SD Huesca,4,La liga,2018,7,12,19,33,1.3520412894736842,43,65
233,Fortuna Duesseldorf,3,Bundesliga,2018,13,5,16,44,1.455145088235294,49,65
234,Nuernberg,3,Bundesliga,2018,3,10,21,19,1.0403453823529412,26,68
235,Nimes,5,Ligue 1,2018,15,8,15,53,1.276446947368421,57,58
71,Aston Villa,1,EPL,2019,9,8,21,35,1.186552342105263,41,67
72,Everton,1,EPL,2019,13,10,15,49,1.4134248157894738,44,56
73,Bournemouth,1,EPL,2019,9,7,22,34,1.1755538131578946,40,65
74,Southampton,1,EPL,2019,15,7,16,52,1.4867533157894737,51,60
75,Leicester,1,EPL,2019,18,8,12,62,1.6057148605263158,67,41
78,Crystal Palace,1,EPL,2019,11,10,17,43,0.9065251447368421,31,50
79,Norwich,1,EPL,2019,5,6,27,21,0.9798467078947368,26,75
80,Chelsea,1,EPL,2019,20,6,12,66,2.005994394736842,69,54
81,West Ham,1,EPL,2019,10,9,19,39,1.2912924526315788,49,62
82,Tottenham,1,EPL,2019,16,11,11,59,1.2900342894736843,61,47
83,Arsenal,1,EPL,2019,14,14,10,56,1.3374267894736842,56,48
86,Newcastle United,1,EPL,2019,11,11,16,44,0.9603088684210527,38,58
87,Liverpool,1,EPL,2019,32,3,3,99,1.9787728947368421,85,33
88,Manchester City,1,EPL,2019,26,3,9,81,2.689611394736842,102,35
89,Manchester United,1,EPL,2019,18,12,8,66,1.7417542894736842,66,36
90,Watford,1,EPL,2019,8,10,20,34,1.2779641315789474,36,64
92,Burnley,1,EPL,2019,15,9,14,54,1.2986024684210526,43,50
94,Verona,2,Serie A,2019,12,13,13,49,1.3812773684210526,47,51
95,Roma,2,Serie A,2019,21,7,10,70,2.060942157894737,77,51
96,Lazio,2,Serie A,2019,24,6,8,78,1.7776055789473686,79,42
97,Bologna,2,Serie A,2019,12,11,15,47,1.5109006315789473,52,65
98,Juventus,2,Serie A,2019,26,5,7,83,1.9414349473684211,76,43
99,Udinese,2,Serie A,2019,12,9,17,45,1.149687789473684,37,51
101,Genoa,2,Serie A,2019,10,9,19,39,1.3128550789473683,47,73
102,Sampdoria,2,Serie A,2019,12,6,20,42,1.2872427894736842,48,65
104,Sassuolo,2,Serie A,2019,14,9,15,51,1.405748657894737,69,63
105,Napoli,2,Serie A,2019,18,8,12,62,1.6809986052631578,61,50
106,Inter,2,Serie A,2019,24,10,4,82,1.9461355526315791,81,36
107,Atalanta,2,Serie A,2019,23,9,6,78,2.2677564210526318,98,48
110,Fiorentina,2,Serie A,2019,12,13,13,49,1.4076728684210527,51,48
111,AC Milan,2,Serie A,2019,19,9,10,66,1.7175458157894736,63,46
113,Torino,2,Serie A,2019,11,7,20,40,1.1443703157894738,46,68
116,Cagliari,2,Serie A,2019,11,12,15,45,1.1032425263157895,52,56
117,Bayern Munich,3,Bundesliga,2019,26,4,4,82,2.730928294117647,100,32
119,Bayer Leverkusen,3,Bundesliga,2019,19,6,9,63,1.8201266470588235,61,44
120,Hoffenheim,3,Bundesliga,2019,15,7,12,52,1.6664917352941178,53,53
121,Augsburg,3,Bundesliga,2019,9,9,16,36,1.2898955882352943,45,63
122,Hertha Berlin,3,Bundesliga,2019,11,8,15,41,1.302903117647059,48,59
123,Werder Bremen,3,Bundesliga,2019,8,7,19,31,1.109945205882353,42,69
124,Schalke 04,3,Bundesliga,2019,9,12,13,39,1.0566482647058824,38,58
125,Mainz 05,3,Bundesliga,2019,11,4,19,37,1.3585206470588234,44,65
129,Borussia Dortmund,3,Bundesliga,2019,21,6,7,69,1.8900489411764705,84,41
130,Borussia M.Gladbach,3,Bundesliga,2019,20,5,9,65,2.1641697058823532,66,40
131,Wolfsburg,3,Bundesliga,2019,13,10,11,49,1.6009849705882353,48,46
132,Eintracht Frankfurt,3,Bundesliga,2019,13,6,15,45,1.7156930941176471,59,60
134,FC Cologne,3,Bundesliga,2019,10,6,18,36,1.449339294117647,51,69
135,Freiburg,3,Bundesliga,2019,13,9,12,48,1.3570826176470587,48,47
136,RasenBallsport Leipzig,3,Bundesliga,2019,18,12,4,66,2.2390165588235296,81,37
138,Sevilla,4,La liga,2019,19,13,6,70,1.4514606842105264,54,34
140,Real Sociedad,4,La liga,2019,16,8,14,56,1.3398860789473683,56,48
141,Espanyol,4,La liga,2019,5,10,23,25,0.9737582894736841,27,58
142,Getafe,4,La liga,2019,14,12,12,54,1.189243,43,37
143,Atletico Madrid,4,La liga,2019,18,16,4,70,1.5447621842105264,51,27
146,Valencia,4,La liga,2019,14,11,13,53,1.1993751315789474,46,53
147,Athletic Club,4,La liga,2019,13,12,13,51,1.1077788157894737,41,38
148,Barcelona,4,La liga,2019,25,7,6,82,1.8949855,86,38
150,Real Madrid,4,La liga,2019,26,9,3,87,1.8988741578947368,70,25
151,Levante,4,La liga,2019,14,7,17,49,1.3007338421052632,47,53
152,Celta Vigo,4,La liga,2019,7,16,15,37,1.064241657894737,37,49
153,Real Betis,4,La liga,2019,10,11,17,41,1.2868033684210527,48,60
154,Villarreal,4,La liga,2019,18,6,14,60,1.7264868684210526,63,49
155,Granada,4,La liga,2019,16,8,14,56,1.1847738684210525,52,45
156,Eibar,4,La liga,2019,11,9,18,42,1.1143463684210526,39,56
157,Osasuna,4,La liga,2019,13,13,12,52,1.2904865263157894,46,54
158,Alaves,4,La liga,2019,10,9,19,39,1.0038700394736841,34,59
159,Leganes,4,La liga,2019,8,12,18,36,1.024259105263158,30,51
160,Lille,5,Ligue 1,2019,15,4,9,49,1.4573369642857144,35,27
161,Paris Saint Germain,5,Ligue 1,2019,22,2,3,68,2.83033537037037,75,24
163,Rennes,5,Ligue 1,2019,15,5,8,50,1.2274300357142855,38,24
164,Marseille,5,Ligue 1,2019,16,8,4,56,1.3008294642857143,41,29
166,Montpellier,5,Ligue 1,2019,11,7,10,40,1.2481884642857144,35,34
167,Angers,5,Ligue 1,2019,11,6,11,39,0.9680077142857143,28,33
168,Nantes,5,Ligue 1,2019,11,4,13,37,0.99336675,28,31
170,Nice,5,Ligue 1,2019,11,8,9,41,1.301940892857143,41,38
171,Monaco,5,Ligue 1,2019,11,7,10,40,1.7339367857142858,44,44
174,Toulouse,5,Ligue 1,2019,3,4,21,13,1.1176445714285714,22,58
175,Saint-Etienne,5,Ligue 1,2019,8,6,14,30,1.0589818928571428,29,45
176,Bordeaux,5,Ligue 1,2019,9,10,9,37,1.0881705,40,34
177,Reims,5,Ligue 1,2019,10,11,7,41,1.033101892857143,26,21
178,Lyon,5,Ligue 1,2019,11,7,10,40,1.2944184285714286,42,27
180,Metz,5,Ligue 1,2019,8,10,10,34,0.8803976428571428,27,35
181,Dijon,5,Ligue 1,2019,7,9,12,30,0.9777874999999999,27,37
183,Spartak Moscow,6,RFPL,2019,11,6,13,39,1.4177556,35,33
184,FC Ufa,6,RFPL,2019,8,14,8,38,0.8671100900000001,22,24
185,CSKA Moscow,6,RFPL,2019,14,8,8,50,1.3441554666666666,43,29
186,Rubin Kazan,6,RFPL,2019,8,11,11,35,1.0027632666666666,18,28
187,FC Rostov,6,RFPL,2019,12,9,9,45,1.3765502333333333,45,50
188,FK Akhmat,6,RFPL,2019,7,10,13,31,1.1300567333333333,27,46
189,Zenit St. Petersburg,6,RFPL,2019,22,6,2,72,2.079737633333333,65,18
190,Dinamo Moscow,6,RFPL,2019,11,8,11,41,1.3298815,27,30
192,Lokomotiv Moscow,6,RFPL,2019,16,9,5,57,1.5917458666666666,41,29
194,Krylya Sovetov Samara,6,RFPL,2019,7,7,15,28,1.1579124827586207,30,40
196,FC Krasnodar,6,RFPL,2019,13,10,6,49,1.5733469655172414,46,30
198,Ural,6,RFPL,2019,8,8,13,32,1.090019448275862,33,53
199,FC Orenburg,6,RFPL,2019,7,6,15,27,1.2538677857142857,28,46
200,Arsenal Tula,6,RFPL,2019,11,5,14,38,1.0670107666666666,37,41
205,Paderborn,3,Bundesliga,2019,4,8,22,20,1.1313341176470588,37,74
220,Brighton,1,EPL,2019,9,14,15,41,1.248001605263158,39,54
221,SPAL 2013,2,Serie A,2019,5,5,28,20,1.028220497368421,27,77
224,Amiens,5,Ligue 1,2019,4,11,13,23,0.9149953107142857,31,50
225,Strasbourg,5,Ligue 1,2019,11,5,11,38,1.2798565555555557,32,32
229,Wolverhampton Wanderers,1,EPL,2019,15,14,9,59,1.4269468684210527,51,40
230,Parma Calcio 1913,2,Serie A,2019,14,7,17,49,1.240089,56,57
231,Real Valladolid,4,La liga,2019,9,15,14,42,0.938362052631579,32,43
233,Fortuna Duesseldorf,3,Bundesliga,2019,6,12,16,30,1.0497226470588235,36,67
235,Nimes,5,Ligue 1,2019,7,6,15,27,1.078348392857143,29,44
236,PFC Sochi,6,RFPL,2019,8,9,11,33,1.3020079142857142,40,33
237,FC Tambov,6,RFPL,2019,8,4,17,28,0.8968077344827586,34,41
238,Sheffield United,1,EPL,2019,14,12,12,54,1.2055689736842106,39,39
239,Mallorca,4,La liga,2019,9,6,23,33,1.064639747368421,40,65
240,Union Berlin,3,Bundesliga,2019,12,5,17,41,1.222862823529412,41,58
241,Brest,5,Ligue 1,2019,8,10,10,34,1.0731317857142857,34,37
242,Brescia,2,Serie A,2019,6,7,25,25,1.1381269210526317,35,79
243,Lecce,2,Serie A,2019,9,8,21,35,1.4070196842105265,52,85
71,Aston Villa,1,EPL,2020,16,7,15,55,1.4925128684210527,55,46
72,Everton,1,EPL,2020,17,8,13,59,1.2957136315789475,47,48
74,Southampton,1,EPL,2020,12,7,19,43,1.191699157894737,47,68
75,Leicester,1,EPL,2020,20,6,12,66,1.5473714736842106,68,50
76,West Bromwich Albion,1,EPL,2020,5,11,22,26,0.9202971105263158,35,76
78,Crystal Palace,1,EPL,2020,12,8,18,44,0.9285949578947368,41,66
80,Chelsea,1,EPL,2020,19,10,9,67,1.8067261578947367,58,36
81,West Ham,1,EPL,2020,19,8,11,65,1.5878492368421053,62,47
82,Tottenham,1,EPL,2020,18,8,12,62,1.4914810263157896,68,45
83,Arsenal,1,EPL,2020,18,7,13,61,1.3749310789473683,55,39
86,Newcastle United,1,EPL,2020,12,9,17,45,1.1568207368421053,46,62
87,Liverpool,1,EPL,2020,20,9,9,69,1.900197842105263,68,42
88,Manchester City,1,EPL,2020,27,5,6,86,2.0451373157894737,83,32
89,Manchester United,1,EPL,2020,21,11,6,74,1.6624272894736842,73,44
92,Burnley,1,EPL,2020,10,9,19,39,1.0033665394736844,33,55
94,Verona,2,Serie A,2020,10,13,15,43,1.2623201315789474,43,48
95,Roma,2,Serie A,2020,18,9,11,63,1.8975989736842105,68,55
96,Lazio,2,Serie A,2020,21,5,12,68,1.544689552631579,61,55
97,Bologna,2,Serie A,2020,10,11,17,41,1.514037605263158,51,65
98,Juventus,2,Serie A,2020,23,9,6,78,2.198084447368421,77,38
99,Udinese,2,Serie A,2020,10,10,18,40,1.269367102631579,42,58
101,Genoa,2,Serie A,2020,10,12,16,42,1.0713713105263158,47,58
102,Sampdoria,2,Serie A,2020,15,7,16,52,1.2289751578947368,52,54
104,Sassuolo,2,Serie A,2020,17,11,10,62,1.6213116157894738,64,56
105,Napoli,2,Serie A,2020,24,5,9,77,1.973142394736842,86,41
106,Inter,2,Serie A,2020,28,7,3,91,2.0617330000000003,89,35
107,Atalanta,2,Serie A,2020,23,9,6,78,2.158078921052631,90,47
110,Fiorentina,2,Serie A,2020,9,13,16,40,1.2158013947368422,47,59
111,AC Milan,2,Serie A,2020,24,7,7,79,1.9749296315789473,74,41
113,Torino,2,Serie A,2020,7,16,15,37,1.305278894736842,50,69
115,Crotone,2,Serie A,2020,6,5,27,23,1.0431654210526318,45,92
116,Cagliari,2,Serie A,2020,9,10,19,37,1.2000273526315788,43,59
117,Bayern Munich,3,Bundesliga,2020,24,6,4,78,2.233306176470588,99,44
119,Bayer Leverkusen,3,Bundesliga,2020,14,10,10,52,1.3904635,53,39
120,Hoffenheim,3,Bundesliga,2020,11,10,13,43,1.4801181794117646,52,54
121,Augsburg,3,Bundesliga,2020,10,6,18,36,1.0592482647058823,36,54
122,Hertha Berlin,3,Bundesliga,2020,8,11,15,35,1.1974717794117649,41,52
123,Werder Bremen,3,Bundesliga,2020,7,10,17,31,0.9561812058823529,36,57
124,Schalke 04,3,Bundesliga,2020,3,7,24,16,0.813522794117647,25,86
125,Mainz 05,3,Bundesliga,2020,10,9,15,39,1.4253100294117647,39,56
129,Borussia Dortmund,3,Bundesliga,2020,20,4,10,64,2.0280024411764708,75,46
130,Borussia M.Gladbach,3,Bundesliga,2020,13,10,11,49,1.5914497352941177,64,56
131,Wolfsburg,3,Bundesliga,2020,17,10,7,61,1.5174787352941177,61,37
132,Eintracht Frankfurt,3,Bundesliga,2020,16,12,6,60,1.7801565,69,53
133,VfB Stuttgart,3,Bundesliga,2020,12,9,13,45,1.5346550294117647,56,55
134,FC Cologne,3,Bundesliga,2020,8,9,17,33,1.1658429411764706,34,60
135,Freiburg,3,Bundesliga,2020,12,9,13,45,1.3268784705882353,52,52
136,RasenBallsport Leipzig,3,Bundesliga,2020,19,8,7,65,1.9747927058823527,60,32
138,Sevilla,4,La liga,2020,24,5,9,77,1.4700513157894737,53,33
140,Real Sociedad,4,La liga,2020,17,11,10,62,1.661716,59,38
142,Getafe,4,La liga,2020,9,11,18,38,0.9374365157894737,28,43
143,Atletico Madrid,4,La liga,2020,26,8,4,86,1.5174722105263159,67,25
146,Valencia,4,La liga,2020,10,13,15,43,1.1023488263157895,50,53
147,Athletic Club,4,La liga,2020,11,13,14,46,1.1332654210526316,46,42
148,Barcelona,4,La liga,2020,24,7,7,79,2.209436184210526,85,38
150,Real Madrid,4,La liga,2020,25,9,4,84,1.712389394736842,67,28
151,Levante,4,La liga,2020,9,14,15,41,1.0770262105263158,46,57
152,Celta Vigo,4,La liga,2020,14,11,13,53,1.3505989736842106,55,57
153,Real Betis,4,La liga,2020,17,10,11,61,1.309722447368421,50,50
154,Villarreal,4,La liga,2020,15,13,10,58,1.522512302631579,60,44
155,Granada,4,La liga,2020,13,7,18,46,1.0802917368421052,47,65
156,Eibar,4,La liga,2020,6,12,20,30,1.1172232368421051,29,52
157,Osasuna,4,La liga,2020,11,11,16,44,1.0423098210526316,37,48
158,Alaves,4,La liga,2020,9,11,18,38,1.0293022105263159,36,57
160,Lille,5,Ligue 1,2020,24,11,3,83,1.2651119736842105,64,23
161,Paris Saint Germain,5,Ligue 1,2020,26,4,8,82,2.2075364210526316,86,28
163,Rennes,5,Ligue 1,2020,16,10,12,58,1.2303374210526317,52,40
164,Marseille,5,Ligue 1,2020,16,12,10,60,1.2970951394736843,54,47
166,Montpellier,5,Ligue 1,2020,14,12,12,54,1.3754441315789474,60,62
167,Angers,5,Ligue 1,2020,12,8,18,44,1.0504583157894738,40,58
168,Nantes,5,Ligue 1,2020,9,13,16,40,1.2703126315789475,47,55
170,Nice,5,Ligue 1,2020,15,7,16,52,1.2202125,50,53
171,Monaco,5,Ligue 1,2020,24,6,8,78,1.8514317894736845,76,42
175,Saint-Etienne,5,Ligue 1,2020,12,10,16,46,1.2442152184210526,42,54
176,Bordeaux,5,Ligue 1,2020,13,6,19,45,1.146050552631579,42,56
177,Reims,5,Ligue 1,2020,9,15,14,42,0.8744829210526316,42,50
178,Lyon,5,Ligue 1,2020,22,10,6,76,2.1677230263157896,81,43
179,Lorient,5,Ligue 1,2020,11,9,18,42,1.2672238157894737,50,68
180,Metz,5,Ligue 1,2020,12,11,15,47,1.1121996894736843,44,48
181,Dijon,5,Ligue 1,2020,4,9,25,21,0.8382037631578947,25,73
183,Spartak Moscow,6,RFPL,2020,17,6,7,57,1.7047822333333333,56,37
184,FC Ufa,6,RFPL,2020,6,7,17,25,0.9069210666666667,26,46
185,CSKA Moscow,6,RFPL,2020,15,5,10,50,1.6054289333333334,51,33
186,Rubin Kazan,6,RFPL,2020,16,5,9,53,1.4019739666666666,42,33
187,FC Rostov,6,RFPL,2020,12,4,13,40,1.123533551724138,34,35
188,FK Akhmat,6,RFPL,2020,11,7,12,40,1.3382907000000002,36,38
189,Zenit St. Petersburg,6,RFPL,2020,19,8,3,65,2.1692348999999997,76,26
190,Dinamo Moscow,6,RFPL,2020,15,5,10,50,1.4825953,44,33
192,Lokomotiv Moscow,6,RFPL,2020,17,5,8,56,1.3581065,45,35
196,FC Krasnodar,6,RFPL,2020,11,5,13,38,1.567647,49,45
198,Ural,6,RFPL,2020,7,13,10,34,0.8780676399999999,26,36
200,Arsenal Tula,6,RFPL,2020,6,5,19,23,0.8982768333333334,28,51
207,Elche,4,La liga,2020,8,12,18,36,0.8001132815789473,34,55
210,Lens,5,Ligue 1,2020,15,12,11,57,1.4832870263157896,55,54
220,Brighton,1,EPL,2020,9,14,15,41,1.4162902105263158,40,46
222,Benevento,2,Serie A,2020,7,12,19,33,1.0171842368421051,40,75
225,Strasbourg,5,Ligue 1,2020,11,9,18,42,1.3889181578947367,49,58
228,Fulham,1,EPL,2020,5,13,20,28,1.0804028684210527,27,53
229,Wolverhampton Wanderers,1,EPL,2020,12,9,17,45,1.0162904736842107,36,52
230,Parma Calcio 1913,2,Serie A,2020,3,11,24,20,1.1310428052631578,39,83
231,Real Valladolid,4,La liga,2020,5,16,17,31,0.9978195578947368,34,57
232,SD Huesca,4,La liga,2020,7,13,18,34,0.9993639999999999,34,53
235,Nimes,5,Ligue 1,2020,9,8,21,35,1.0892953157894738,40,71
236,PFC Sochi,6,RFPL,2020,15,8,7,53,1.354374,49,33
237,FC Tambov,6,RFPL,2020,3,4,23,13,0.7429741,19,65
238,Sheffield United,1,EPL,2020,7,2,29,23,0.8726099131578948,20,63
240,Union Berlin,3,Bundesliga,2020,12,14,8,50,1.3529765,50,43
241,Brest,5,Ligue 1,2020,11,8,19,41,1.2044957500000002,50,66
245,Leeds,1,EPL,2020,18,5,15,59,1.559437842105263,62,54
257,Khimki,6,RFPL,2020,13,6,11,45,0.9997295333333334,35,39
258,FC Rotor Volgograd,6,RFPL,2020,5,7,16,22,0.6654556857142857,15,46
260,Spezia,2,Serie A,2020,9,12,17,39,1.260493307894737,52,72
261,Cadiz,4,La liga,2020,11,11,16,44,0.9657805736842106,36,58
262,Arminia Bielefeld,3,Bundesliga,2020,9,8,17,35,0.9158731764705882,26,52
71,Aston Villa,1,EPL,2021,13,6,19,45,1.1349879736842106,52,54
72,Everton,1,EPL,2021,11,6,21,39,1.1702560789473686,43,66
74,Southampton,1,EPL,2021,9,13,16,40,1.2460011052631579,43,67
75,Leicester,1,EPL,2021,14,10,14,52,1.3023335315789473,62,59
78,Crystal Palace,1,EPL,2021,11,15,12,48,1.2853659736842105,50,46
79,Norwich,1,EPL,2021,5,7,26,22,0.829252652631579,23,84
80,Chelsea,1,EPL,2021,21,11,6,74,1.823606105263158,76,33
81,West Ham,1,EPL,2021,16,8,14,56,1.4469368157894735,60,51
82,Tottenham,1,EPL,2021,22,5,11,71,1.788192647368421,69,40
83,Arsenal,1,EPL,2021,22,3,13,69,1.668199394736842,61,48
86,Newcastle United,1,EPL,2021,13,10,15,49,1.0928033157894737,44,62
87,Liverpool,1,EPL,2021,28,8,2,92,2.447957842105263,94,26
88,Manchester City,1,EPL,2021,29,6,3,93,2.457891394736842,99,26
89,Manchester United,1,EPL,2021,16,10,12,58,1.5056554736842105,57,57
90,Watford,1,EPL,2021,6,5,27,23,1.0352734473684209,34,77
92,Burnley,1,EPL,2021,7,14,17,35,1.0817339815789475,34,53
94,Verona,2,Serie A,2021,14,11,13,53,1.4838287631578946,65,59
95,Roma,2,Serie A,2021,18,9,11,63,1.7577655263157894,59,43
96,Lazio,2,Serie A,2021,18,10,10,64,1.5602857894736843,77,58
97,Bologna,2,Serie A,2021,12,10,16,46,1.1987413684210526,44,55
98,Juventus,2,Serie A,2021,20,10,8,70,1.6007959684210527,57,37
99,Udinese,2,Serie A,2021,11,14,13,47,1.5044902263157895,61,58
101,Genoa,2,Serie A,2021,4,16,18,28,1.0140419157894738,27,60
102,Sampdoria,2,Serie A,2021,10,6,22,36,1.0286874736842107,46,63
104,Sassuolo,2,Serie A,2021,13,11,14,50,1.5621142894736841,64,66
105,Napoli,2,Serie A,2021,24,7,7,79,1.6748135789473684,74,31
106,Inter,2,Serie A,2021,25,9,4,84,2.3785292368421054,84,32
107,Atalanta,2,Serie A,2021,16,11,11,59,1.8084860263157896,65,48
108,Empoli,2,Serie A,2021,10,11,17,41,1.197813552631579,50,70
110,Fiorentina,2,Serie A,2021,19,5,14,62,1.6326565000000002,59,51
111,AC Milan,2,Serie A,2021,26,8,4,86,1.7720554736842107,69,31
113,Torino,2,Serie A,2021,13,11,14,50,1.414566,46,41
116,Cagliari,2,Serie A,2021,6,12,20,30,1.0721496578947367,34,68
117,Bayern Munich,3,Bundesliga,2021,24,5,5,77,2.938397794117647,97,37
119,Bayer Leverkusen,3,Bundesliga,2021,19,7,8,64,1.9503645588235292,80,47
120,Hoffenheim,3,Bundesliga,2021,13,7,14,46,1.7578135294117647,58,60
121,Augsburg,3,Bundesliga,2021,10,8,16,38,1.1456073235294117,39,56
122,Hertha Berlin,3,Bundesliga,2021,9,6,19,33,1.1145534705882354,37,71
125,Mainz 05,3,Bundesliga,2021,13,7,14,46,1.531845088235294,50,45
129,Borussia Dortmund,3,Bundesliga,2021,22,3,9,69,1.9307729117647057,85,52
130,Borussia M.Gladbach,3,Bundesliga,2021,12,9,13,45,1.7624125,54,61
131,Wolfsburg,3,Bundesliga,2021,12,6,16,42,1.4492315294117646,43,54
132,Eintracht Frankfurt,3,Bundesliga,2021,10,12,12,42,1.2250006470588235,45,49
133,VfB Stuttgart,3,Bundesliga,2021,7,12,15,33,1.409004882352941,41,59
134,FC Cologne,3,Bundesliga,2021,14,10,10,52,1.5382384411764705,52,49
135,Freiburg,3,Bundesliga,2021,15,10,9,55,1.6979038529411765,58,46
136,RasenBallsport Leipzig,3,Bundesliga,2021,17,7,10,58,1.982242205882353,72,37
138,Sevilla,4,La liga,2021,18,16,4,70,1.2329859210526315,53,30
140,Real Sociedad,4,La liga,2021,17,11,10,62,1.4759305789473685,40,37
141,Espanyol,4,La liga,2021,10,12,16,42,1.0236716842105262,40,53
142,Getafe,4,La liga,2021,8,15,15,39,0.8303717368421053,33,41
143,Atletico Madrid,4,La liga,2021,21,8,9,71,1.5643840263157895,65,43
145,Rayo Vallecano,4,La liga,2021,11,9,18,42,1.237622947368421,39,50
146,Valencia,4,La liga,2021,11,15,12,48,1.1127587631578948,48,53
147,Athletic Club,4,La liga,2021,14,13,11,55,1.5003656315789473,43,36
148,Barcelona,4,La liga,2021,21,10,7,73,1.8563621315789476,68,38
150,Real Madrid,4,La liga,2021,26,8,4,86,2.1110002105263157,80,31
151,Levante,4,La liga,2021,8,11,19,35,1.5148416578947368,51,76
152,Celta Vigo,4,La liga,2021,12,10,16,46,1.182571447368421,43,43
153,Real Betis,4,La liga,2021,19,8,11,65,1.4711517631578948,62,40
154,Villarreal,4,La liga,2021,16,11,11,59,1.8508495526315791,63,37
155,Granada,4,La liga,2021,8,14,16,38,1.0867940105263159,44,61
157,Osasuna,4,La liga,2021,12,11,15,47,1.1059709473684212,37,51
158,Alaves,4,La liga,2021,8,7,23,31,1.0122353157894737,31,65
160,Lille,5,Ligue 1,2021,14,13,11,55,1.4838396578947368,48,48
161,Paris Saint Germain,5,Ligue 1,2021,26,8,4,86,2.1667268157894735,90,36
163,Rennes,5,Ligue 1,2021,20,6,12,66,1.7958213684210527,82,40
164,Marseille,5,Ligue 1,2021,21,8,9,71,1.575500842105263,63,38
166,Montpellier,5,Ligue 1,2021,12,7,19,43,1.1175571052631579,49,61
167,Angers,5,Ligue 1,2021,10,11,17,41,1.1896917631578947,44,55
168,Nantes,5,Ligue 1,2021,15,10,13,55,1.2044435789473684,55,48
170,Nice,5,Ligue 1,2021,20,7,11,67,1.5683895578947369,52,36
171,Monaco,5,Ligue 1,2021,20,9,9,69,1.6731562894736842,65,40
172,Troyes,5,Ligue 1,2021,9,11,18,38,1.0436583421052632,37,53
175,Saint-Etienne,5,Ligue 1,2021,7,11,20,32,1.0574371315789475,42,77
176,Bordeaux,5,Ligue 1,2021,6,13,19,31,1.2179255526315789,52,91
177,Reims,5,Ligue 1,2021,11,13,14,46,1.0527985526315788,43,44
178,Lyon,5,Ligue 1,2021,17,11,10,62,1.929461894736842,66,51
179,Lorient,5,Ligue 1,2021,8,12,18,36,1.034681710526316,35,63
180,Metz,5,Ligue 1,2021,6,13,19,31,0.7933158421052632,35,69
183,Spartak Moscow,6,RFPL,2021,10,8,12,38,1.3291942666666665,37,41
184,FC Ufa,6,RFPL,2021,6,12,12,30,1.1929355733333333,29,40
185,CSKA Moscow,6,RFPL,2021,15,5,10,50,1.4339012999999998,42,29
186,Rubin Kazan,6,RFPL,2021,8,5,17,29,0.9150800333333334,34,56
187,FC Rostov,6,RFPL,2021,10,8,12,38,1.2094921333333335,47,51
188,FK Akhmat,6,RFPL,2021,13,3,14,42,1.3099736333333332,36,38
189,Zenit St. Petersburg,6,RFPL,2021,19,8,3,65,2.1279696333333336,66,28
190,Dinamo Moscow,6,RFPL,2021,16,5,9,53,1.5509601333333334,53,41
192,Lokomotiv Moscow,6,RFPL,2021,13,9,8,48,1.089623,43,39
194,Krylya Sovetov Samara,6,RFPL,2021,12,5,13,41,1.3993045666666668,39,36
196,FC Krasnodar,6,RFPL,2021,14,8,8,50,1.4929584333333332,42,30
198,Ural,6,RFPL,2021,8,9,13,33,0.8779604466666666,27,35
200,Arsenal Tula,6,RFPL,2021,5,8,17,23,0.7667234666666667,30,59
207,Elche,4,La liga,2021,11,9,18,42,0.9688100342105264,40,52
210,Lens,5,Ligue 1,2021,17,11,10,62,1.3746342631578947,62,48
220,Brighton,1,EPL,2021,12,15,11,51,1.3044072368421054,42,44
225,Strasbourg,5,Ligue 1,2021,17,12,9,63,1.6105650526315791,60,43
229,Wolverhampton Wanderers,1,EPL,2021,15,6,17,51,1.0274492342105261,38,43
236,PFC Sochi,6,RFPL,2021,17,5,8,56,1.6795293,54,30
239,Mallorca,4,La liga,2021,10,9,19,39,1.0679202368421052,36,63
240,Union Berlin,3,Bundesliga,2021,16,9,9,57,1.623635882352941,50,44
241,Brest,5,Ligue 1,2021,13,9,16,48,1.1802613157894737,49,57
244,Brentford,1,EPL,2021,13,7,18,46,1.3918309210526316,48,56
245,Leeds,1,EPL,2021,9,11,18,38,1.3470021578947369,42,79
257,Khimki,6,RFPL,2021,7,11,12,32,1.1668694733333331,34,47
260,Spezia,2,Serie A,2021,10,6,22,36,1.0960253921052632,41,71
261,Cadiz,4,La liga,2021,8,15,15,39,1.099918105263158,35,51
262,Arminia Bielefeld,3,Bundesliga,2021,5,13,16,28,0.8007172647058823,27,53
263,Nizhny Novgorod,6,RFPL,2021,8,9,13,33,0.7782813233333333,26,39
264,Salernitana,2,Serie A,2021,7,10,21,31,1.0392039184210526,33,78
265,Venezia,2,Serie A,2021,6,9,23,27,0.9515328157894738,34,69
267,Greuther Fuerth,3,Bundesliga,2021,3,9,22,18,0.9010518382352942,28,82
268,Bochum,3,Bundesliga,2021,12,6,16,42,1.3171116470588236,38,52
270,Clermont Foot,5,Ligue 1,2021,9,9,20,36,1.1071986315789475,38,69
71,Aston Villa,1,EPL,2022,18,7,13,61,1.3156669736842106,51,46
72,Everton,1,EPL,2022,8,12,18,36,1.2802588315789474,34,57
73,Bournemouth,1,EPL,2022,11,6,21,39,1.0548411842105263,37,71
74,Southampton,1,EPL,2022,6,7,25,25,1.0333021842105263,36,73
75,Leicester,1,EPL,2022,9,7,22,34,1.2891315394736842,51,68
78,Crystal Palace,1,EPL,2022,11,12,15,45,1.0716708157894737,40,49
80,Chelsea,1,EPL,2022,11,11,16,44,1.3656558684210527,38,47
81,West Ham,1,EPL,2022,11,7,20,40,1.347650842105263,42,55
82,Tottenham,1,EPL,2022,18,6,14,60,1.521941842105263,70,63
83,Arsenal,1,EPL,2022,26,6,6,84,2.0134817894736843,88,43
86,Newcastle United,1,EPL,2022,19,14,5,71,2.025712,68,33
87,Liverpool,1,EPL,2022,19,10,9,67,2.125578868421053,75,47
88,Manchester City,1,EPL,2022,28,5,5,89,2.2189886052631578,94,33
89,Manchester United,1,EPL,2022,23,6,9,75,1.8921362631578948,58,43
94,Verona,2,Serie A,2022,7,10,21,31,0.9808309473684211,31,59
95,Roma,2,Serie A,2022,18,9,11,63,1.6846522631578946,50,38
96,Lazio,2,Serie A,2022,22,8,8,74,1.429086342105263,60,30
97,Bologna,2,Serie A,2022,14,12,12,54,1.1917430789473684,53,49
98,Juventus,2,Serie A,2022,22,6,10,72,1.572156605263158,56,33
99,Udinese,2,Serie A,2022,11,13,14,46,1.2515148947368422,47,48
102,Sampdoria,2,Serie A,2022,3,10,25,19,0.9237366078947368,24,71
104,Sassuolo,2,Serie A,2022,12,9,17,45,1.3553618421052631,47,61
105,Napoli,2,Serie A,2022,28,6,4,90,1.8875408157894737,77,28
106,Inter,2,Serie A,2022,23,3,12,72,1.8939026315789473,71,42
107,Atalanta,2,Serie A,2022,19,7,12,64,1.5917421,66,48
108,Empoli,2,Serie A,2022,10,13,15,43,1.08544225,37,49
110,Fiorentina,2,Serie A,2022,15,11,12,56,1.4974797894736842,53,43
111,AC Milan,2,Serie A,2022,20,10,8,70,1.8394944473684212,64,43
113,Torino,2,Serie A,2022,14,11,13,53,1.2452320789473683,42,41
117,Bayern Munich,3,Bundesliga,2022,21,8,5,71,2.503476,92,38
119,Bayer Leverkusen,3,Bundesliga,2022,14,8,12,50,1.5789346470588235,57,49
120,Hoffenheim,3,Bundesliga,2022,10,6,18,36,1.3915410294117647,48,57
121,Augsburg,3,Bundesliga,2022,9,7,18,34,1.0596025882352942,42,63
122,Hertha Berlin,3,Bundesliga,2022,7,8,19,29,1.2187536,42,69
123,Werder Bremen,3,Bundesliga,2022,10,6,18,36,1.2621789411764706,51,64
124,Schalke 04,3,Bundesliga,2022,7,10,17,31,1.1924837911764705,35,71
125,Mainz 05,3,Bundesliga,2022,12,10,12,46,1.484930088235294,54,55
129,Borussia Dortmund,3,Bundesliga,2022,22,5,7,71,2.263839970588235,83,44
130,Borussia M.Gladbach,3,Bundesliga,2022,11,10,13,43,1.5540275882352943,52,55
131,Wolfsburg,3,Bundesliga,2022,13,10,11,49,1.5061215294117647,57,48
132,Eintracht Frankfurt,3,Bundesliga,2022,13,11,10,50,1.5646649705882352,58,52
133,VfB Stuttgart,3,Bundesliga,2022,7,12,15,33,1.4455657352941176,45,57
134,FC Cologne,3,Bundesliga,2022,10,12,12,42,1.501266,49,54
135,Freiburg,3,Bundesliga,2022,17,8,9,59,1.4776762352941175,51,44
136,RasenBallsport Leipzig,3,Bundesliga,2022,20,6,8,66,2.024779617647059,64,41
138,Sevilla,4,La liga,2022,13,10,15,49,1.3341074710526315,47,54
140,Real Sociedad,4,La liga,2022,21,8,9,71,1.6464854210526316,51,35
141,Espanyol,4,La liga,2022,8,13,17,37,1.343178842105263,52,69
142,Getafe,4,La liga,2022,10,12,16,42,1.0238535263157893,34,45
143,Atletico Madrid,4,La liga,2022,23,8,7,77,1.8074284736842106,70,33
145,Rayo Vallecano,4,La liga,2022,13,10,15,49,1.119401657894737,45,53
146,Valencia,4,La liga,2022,11,9,18,42,1.411590894736842,42,45
147,Athletic Club,4,La liga,2022,14,9,15,51,1.479449657894737,47,43
148,Barcelona,4,La liga,2022,28,4,6,88,2.17876,70,20
150,Real Madrid,4,La liga,2022,24,6,8,78,2.089320710526316,75,36
152,Celta Vigo,4,La liga,2022,11,10,17,43,1.1117551315789473,43,53
153,Real Betis,4,La liga,2022,17,9,12,60,1.4499377368421051,46,41
154,Villarreal,4,La liga,2022,19,7,12,64,1.7253434210526317,59,40
157,Osasuna,4,La liga,2022,15,8,15,53,1.090056710526316,37,42
160,Lille,5,Ligue 1,2022,19,10,9,67,1.953527447368421,65,44
161,Paris Saint Germain,5,Ligue 1,2022,27,4,7,85,2.2670769210526314,89,40
163,Rennes,5,Ligue 1,2022,21,5,12,68,1.6904975526315789,69,39
164,Marseille,5,Ligue 1,2022,22,7,9,73,1.9195734473684212,67,40
166,Montpellier,5,Ligue 1,2022,15,5,18,50,1.3830314210526315,65,62
167,Angers,5,Ligue 1,2022,4,6,28,18,1.080055657894737,33,81
168,Nantes,5,Ligue 1,2022,7,15,16,36,1.1742556315789472,37,55
170,Nice,5,Ligue 1,2022,15,13,10,58,1.5585192368421052,48,37
171,Monaco,5,Ligue 1,2022,19,8,11,65,1.7200373684210526,70,58
172,Troyes,5,Ligue 1,2022,4,12,22,24,0.9660755631578948,45,81
174,Toulouse,5,Ligue 1,2022,13,9,16,48,1.572797052631579,51,57
177,Reims,5,Ligue 1,2022,12,15,11,51,1.5664032631578948,45,45
178,Lyon,5,Ligue 1,2022,18,8,12,62,1.836456647368421,65,47
179,Lorient,5,Ligue 1,2022,15,10,13,55,1.2459526657894737,52,53
183,Spartak Moscow,6,RFPL,2022,15,9,6,54,2.0198668,60,38
185,CSKA Moscow,6,RFPL,2022,17,7,6,58,1.821886033333333,56,27
187,FC Rostov,6,RFPL,2022,15,8,7,53,1.3145153,48,44
188,FK Akhmat,6,RFPL,2022,15,5,10,50,1.22505559,51,39
189,Zenit St. Petersburg,6,RFPL,2022,21,7,2,70,1.9320448666666665,74,20
190,Dinamo Moscow,6,RFPL,2022,13,6,11,45,1.4634879666666667,49,45
192,Lokomotiv Moscow,6,RFPL,2022,13,6,11,45,1.5707139,54,46
194,Krylya Sovetov Samara,6,RFPL,2022,8,8,14,32,1.2623195666666667,32,45
196,FC Krasnodar,6,RFPL,2022,13,9,8,48,1.4863583,62,46
198,Ural,6,RFPL,2022,10,6,14,36,1.1327268,33,45
199,FC Orenburg,6,RFPL,2022,14,4,12,46,1.6480460000000001,58,55
207,Elche,4,La liga,2022,5,10,23,25,1.0602655315789473,30,67
208,Almeria,4,La liga,2022,11,8,19,41,1.2129853394736843,49,65
210,Lens,5,Ligue 1,2022,25,9,4,84,1.8401711578947366,68,29
211,Torpedo Moscow,6,RFPL,2022,2,5,23,11,0.7045542983333333,20,62
220,Brighton,1,EPL,2022,18,8,12,62,2.045353210526316,72,53
223,Girona,4,La liga,2022,13,10,15,49,1.442057894736842,58,55
225,Strasbourg,5,Ligue 1,2022,9,13,16,40,1.389132342105263,51,59
228,Fulham,1,EPL,2022,15,7,16,52,1.2627625526315789,55,53
229,Wolverhampton Wanderers,1,EPL,2022,11,8,19,41,0.9243898684210526,31,58
231,Real Valladolid,4,La liga,2022,11,7,20,40,1.0489188947368422,33,63
236,PFC Sochi,6,RFPL,2022,11,5,14,38,1.3934084233333333,37,54
239,Mallorca,4,La liga,2022,14,8,16,50,1.0410719473684211,37,43
240,Union Berlin,3,Bundesliga,2022,18,8,8,62,1.0315891470588234,51,38
241,Brest,5,Ligue 1,2022,11,11,16,44,1.089541263157895,44,54
243,Lecce,2,Serie A,2022,8,12,18,36,0.9719663421052632,33,46
244,Brentford,1,EPL,2022,15,14,9,59,1.558606447368421,58,46
245,Leeds,1,EPL,2022,7,10,21,31,1.257788552631579,48,78
249,Nottingham Forest,1,EPL,2022,9,11,18,38,1.041433157894737,38,68
257,Khimki,6,RFPL,2022,4,6,20,18,0.8986540833333333,25,67
260,Spezia,2,Serie A,2022,6,13,19,31,1.0694005789473684,31,62
261,Cadiz,4,La liga,2022,10,12,16,42,1.1232526315789473,30,53
263,Nizhny Novgorod,6,RFPL,2022,8,7,15,31,0.9526178333333333,34,48
264,Salernitana,2,Serie A,2022,9,15,14,42,0.932713,48,62
268,Bochum,3,Bundesliga,2022,10,5,19,35,1.178730088235294,40,72
270,Clermont Foot,5,Ligue 1,2022,17,8,13,59,1.3065361052631579,45,49
271,Monza,2,Serie A,2022,14,10,14,52,1.1791022315789474,48,52
272,Cremonese,2,Serie A,2022,5,12,21,27,0.9629525315789472,36,69
274,Ajaccio,5,Ligue 1,2022,7,5,26,26,0.8173593289473684,23,74
275,Auxerre,5,Ligue 1,2022,8,11,19,35,1.0582047631578948,35,63
277,Fakel,6,RFPL,2022,6,12,12,30,1.0437934,36,48
71,Aston Villa,1,EPL,2023,20,8,10,68,1.7742787763157897,76,61
72,Everton,1,EPL,2023,13,9,16,48,1.5987940921052632,40,51
73,Bournemouth,1,EPL,2023,13,9,16,48,1.677774894736842,54,67
78,Crystal Palace,1,EPL,2023,13,10,15,49,1.4193540526315789,57,58
80,Chelsea,1,EPL,2023,18,9,11,63,2.128460894736842,77,63
81,West Ham,1,EPL,2023,14,10,14,52,1.4349890789473683,60,74
82,Tottenham,1,EPL,2023,20,6,12,66,1.9303100000000002,74,61
83,Arsenal,1,EPL,2023,28,5,5,89,2.2208547105263157,91,29
86,Newcastle United,1,EPL,2023,18,6,14,60,2.2231013684210525,85,62
87,Liverpool,1,EPL,2023,24,10,4,82,2.4943484736842105,86,41
88,Manchester City,1,EPL,2023,28,7,3,91,2.3565461315789475,96,34
89,Manchester United,1,EPL,2023,18,6,14,60,1.5876290263157895,57,58
92,Burnley,1,EPL,2023,5,9,24,24,1.1432127789473683,41,78
94,Verona,2,Serie A,2023,9,11,18,38,1.0120899736842104,38,51
95,Roma,2,Serie A,2023,18,9,11,63,1.4977925263157896,65,46
96,Lazio,2,Serie A,2023,18,7,13,61,1.3523323684210526,49,39
97,Bologna,2,Serie A,2023,18,14,6,68,1.4217197368421053,54,32
98,Juventus,2,Serie A,2023,19,14,5,71,1.6705918684210528,54,31
99,Udinese,2,Serie A,2023,6,19,13,37,1.1810673921052632,37,53
101,Genoa,2,Serie A,2023,12,13,13,49,1.0182352631578948,45,45
104,Sassuolo,2,Serie A,2023,7,9,22,30,1.1454760526315788,43,75
105,Napoli,2,Serie A,2023,13,14,11,53,1.8023525,55,48
106,Inter,2,Serie A,2023,29,7,2,94,2.258757394736842,89,22
107,Atalanta,2,Serie A,2023,21,6,11,69,1.8018298157894737,72,42
108,Empoli,2,Serie A,2023,9,9,20,36,1.0016115263157896,29,54
110,Fiorentina,2,Serie A,2023,17,9,12,60,1.5290998947368422,61,46
111,AC Milan,2,Serie A,2023,22,9,7,75,1.8909409210526316,76,49
112,Frosinone,2,Serie A,2023,8,11,19,35,1.321118105263158,44,69
113,Torino,2,Serie A,2023,13,14,11,53,1.139283342105263,36,36
116,Cagliari,2,Serie A,2023,8,12,18,36,1.195735394736842,42,68
117,Bayern Munich,3,Bundesliga,2023,23,3,8,72,2.7764990588235294,94,45
119,Bayer Leverkusen,3,Bundesliga,2023,28,6,0,90,2.412134764705882,89,24
120,Hoffenheim,3,Bundesliga,2023,13,7,14,46,1.6543934999999999,66,66
121,Augsburg,3,Bundesliga,2023,10,9,15,39,1.444626294117647,50,60
123,Werder Bremen,3,Bundesliga,2023,11,9,14,42,1.3853961470588234,48,54
125,Mainz 05,3,Bundesliga,2023,7,14,13,35,1.5199530588235295,39,51
127,Darmstadt,3,Bundesliga,2023,3,8,23,17,1.0165593529411765,30,86
129,Borussia Dortmund,3,Bundesliga,2023,18,9,7,63,2.0930645,68,43
130,Borussia M.Gladbach,3,Bundesliga,2023,7,13,14,34,1.5238119705882354,56,67
131,Wolfsburg,3,Bundesliga,2023,10,7,17,37,1.294123705882353,41,56
132,Eintracht Frankfurt,3,Bundesliga,2023,11,14,9,47,1.5187451470588236,51,50
133,VfB Stuttgart,3,Bundesliga,2023,23,4,7,73,2.3232781470588235,78,39
134,FC Cologne,3,Bundesliga,2023,5,12,17,27,1.3040326470588237,28,60
135,Freiburg,3,Bundesliga,2023,11,9,14,42,1.5441189323529412,45,58
136,RasenBallsport Leipzig,3,Bundesliga,2023,19,8,7,65,2.136070411764706,77,39
138,Sevilla,4,La liga,2023,10,11,17,41,1.4087798789473684,48,54
140,Real Sociedad,4,La liga,2023,16,12,10,60,1.2937925526315788,51,39
142,Getafe,4,La liga,2023,10,13,15,43,1.3230747105263159,42,54
143,Atletico Madrid,4,La liga,2023,24,4,10,76,1.8376634736842103,70,43
144,Las Palmas,4,La liga,2023,10,10,18,40,0.9426989105263158,33,47
145,Rayo Vallecano,4,La liga,2023,8,14,16,38,1.2210812631578947,29,48
146,Valencia,4,La liga,2023,13,10,15,49,1.187512394736842,40,45
147,Athletic Club,4,La liga,2023,19,11,8,68,1.6220545526315788,61,37
148,Barcelona,4,La liga,2023,26,7,5,85,2.1515399210526316,79,44
150,Real Madrid,4,La liga,2023,29,8,1,95,2.128479368421053,87,26
152,Celta Vigo,4,La liga,2023,10,11,17,41,1.4839507631578948,46,57
153,Real Betis,4,La liga,2023,14,15,9,57,1.3925165789473684,48,45
154,Villarreal,4,La liga,2023,14,11,13,53,1.5738685000000001,65,65
155,Granada,4,La liga,2023,4,9,25,21,1.1469277578947368,38,79
157,Osasuna,4,La liga,2023,12,9,17,45,1.2049202368421053,45,56
158,Alaves,4,La liga,2023,12,10,16,46,1.3675832631578948,36,46
160,Lille,5,Ligue 1,2023,16,11,7,59,1.627136294117647,52,34
161,Paris Saint Germain,5,Ligue 1,2023,22,10,2,76,2.1435847058823527,81,33
163,Rennes,5,Ligue 1,2023,12,10,12,46,1.6471460294117648,53,46
164,Marseille,5,Ligue 1,2023,13,11,10,50,1.7657187647058823,52,41
166,Montpellier,5,Ligue 1,2023,10,12,12,42,1.488920294117647,43,48
168,Nantes,5,Ligue 1,2023,9,6,19,33,1.1600464117647058,30,55
170,Nice,5,Ligue 1,2023,15,10,9,55,1.6121943529411764,40,29
171,Monaco,5,Ligue 1,2023,20,7,7,67,1.9135216176470589,68,42
174,Toulouse,5,Ligue 1,2023,11,10,13,43,1.3189760294117647,42,46
177,Reims,5,Ligue 1,2023,13,8,13,47,1.4111586764705881,42,47
178,Lyon,5,Ligue 1,2023,16,5,13,53,1.625887411764706,49,55
179,Lorient,5,Ligue 1,2023,7,8,19,29,1.145854,43,66
180,Metz,5,Ligue 1,2023,8,5,21,29,1.0108561470588235,35,58
183,Spartak Moscow,6,RFPL,2023,14,8,8,50,1.2380081333333335,41,32
185,CSKA Moscow,6,RFPL,2023,12,12,6,48,1.3882716666666668,56,40
186,Rubin Kazan,6,RFPL,2023,11,9,10,42,1.1187136,31,38
187,FC Rostov,6,RFPL,2023,12,7,11,43,1.3563875333333333,43,46
188,FK Akhmat,6,RFPL,2023,10,5,15,35,1.1381457666666668,33,45
189,Zenit St. Petersburg,6,RFPL,2023,17,6,7,57,1.5456393333333334,52,27
190,Dinamo Moscow,6,RFPL,2023,16,8,6,56,1.5855777666666666,53,39
192,Lokomotiv Moscow,6,RFPL,2023,14,11,5,53,1.3516301666666666,52,38
194,Krylya Sovetov Samara,6,RFPL,2023,11,8,11,41,1.3266843,46,44
196,FC Krasnodar,6,RFPL,2023,16,8,6,56,1.5033648,45,29
198,Ural,6,RFPL,2023,7,9,14,30,1.2475156333333333,30,46
199,FC Orenburg,6,RFPL,2023,7,10,13,31,1.1948875666666665,34,41
208,Almeria,4,La liga,2023,3,12,23,21,1.3130425184210526,43,75
210,Lens,5,Ligue 1,2023,14,9,11,51,1.8259509411764707,45,37
220,Brighton,1,EPL,2023,12,12,14,48,1.6292211052631578,55,62
223,Girona,4,La liga,2023,25,6,7,81,2.0539216842105263,85,46
225,Strasbourg,5,Ligue 1,2023,10,9,15,39,1.2556569411764704,38,50
228,Fulham,1,EPL,2023,13,8,17,47,1.3897025131578946,55,61
229,Wolverhampton Wanderers,1,EPL,2023,13,7,18,46,1.3329537105263156,50,65
236,PFC Sochi,6,RFPL,2023,5,9,16,24,1.2722757633333333,37,48
238,Sheffield United,1,EPL,2023,3,7,28,16,1.087006747368421,35,104
239,Mallorca,4,La liga,2023,8,16,14,40,1.0981687631578947,33,44
240,Union Berlin,3,Bundesliga,2023,9,6,19,33,1.3159471352941177,33,58
241,Brest,5,Ligue 1,2023,17,10,7,61,1.527958705882353,53,34
243,Lecce,2,Serie A,2023,8,14,16,38,1.2532326605263158,32,54
244,Brentford,1,EPL,2023,10,9,19,39,1.6918863684210526,56,65
249,Nottingham Forest,1,EPL,2023,9,9,20,36,1.3725613684210527,49,67
256,Luton,1,EPL,2023,6,8,24,26,1.3124332105263157,52,85
261,Cadiz,4,La liga,2023,6,15,17,33,0.9994732631578948,26,55
263,Nizhny Novgorod,6,RFPL,2023,8,6,16,30,0.8656275999999999,29,51
264,Salernitana,2,Serie A,2023,2,11,25,17,0.8275398342105263,32,81
268,Bochum,3,Bundesliga,2023,7,12,15,33,1.5129823352941176,42,74
270,Clermont Foot,5,Ligue 1,2023,5,10,19,25,1.049666,26,60
271,Monza,2,Serie A,2023,11,12,15,45,1.1988008157894736,39,51
277,Fakel,6,RFPL,2023,7,11,12,32,0.9370815666666666,22,31
278,Baltika,6,RFPL,2023,7,5,18,26,1.2140112333333333,33,42
280,FC Heidenheim,3,Bundesliga,2023,10,12,12,42,1.2523230294117647,50,55
282,Le Havre,5,Ligue 1,2023,7,11,16,32,1.1486290000000001,34,45
71,Aston Villa,1,EPL,2024,4,1,1,13,2.138,12,9
72,Everton,1,EPL,2024,1,1,4,4,1.232667,7,15
73,Bournemouth,1,EPL,2024,1,2,2,5,2.081652,5,8
74,Southampton,1,EPL,2024,0,1,4,1,1.6141944,2,9
75,Leicester,1,EPL,2024,0,3,3,3,0.9975991666666667,8,12
78,Crystal Palace,1,EPL,2024,0,3,3,3,1.4438996666666668,5,9
80,Chelsea,1,EPL,2024,4,1,1,13,2.176066,15,7
81,West Ham,1,EPL,2024,1,2,3,5,1.267619,6,10
82,Tottenham,1,EPL,2024,3,1,2,10,2.624470833333333,12,5
83,Arsenal,1,EPL,2024,4,2,0,14,2.3197216666666667,12,5
86,Newcastle United,1,EPL,2024,3,2,1,11,1.3063081666666667,8,7
87,Liverpool,1,EPL,2024,5,0,1,15,2.4127983333333334,12,2
88,Manchester City,1,EPL,2024,4,2,0,14,2.1708933333333333,14,6
89,Manchester United,1,EPL,2024,2,1,3,7,1.8012201666666667,5,8
183,Spartak Moscow,6,RFPL,2024,4,4,2,16,1.6718258,14,9
185,CSKA Moscow,6,RFPL,2024,5,2,3,17,1.6394234,19,6
186,Rubin Kazan,6,RFPL,2024,3,3,4,12,1.0004694,12,15
187,FC Rostov,6,RFPL,2024,3,3,4,12,1.2959964,13,17
188,FK Akhmat,6,RFPL,2024,0,6,4,6,0.7654894,7,18
189,Zenit St. Petersburg,6,RFPL,2024,7,2,1,23,1.4052966,22,4
190,Dinamo Moscow,6,RFPL,2024,6,2,2,20,1.7324770999999999,18,10
192,Lokomotiv Moscow,6,RFPL,2024,8,0,2,24,1.6997525,25,14
194,Krylya Sovetov Samara,6,RFPL,2024,3,2,5,11,0.9201243,9,14
196,FC Krasnodar,6,RFPL,2024,7,3,0,24,2.019812,18,5
199,FC Orenburg,6,RFPL,2024,1,4,5,7,1.3622152,12,19
220,Brighton,1,EPL,2024,2,3,1,9,1.7137133333333334,10,8
228,Fulham,1,EPL,2024,3,2,1,11,1.8505101666666668,8,5
229,Wolverhampton Wanderers,1,EPL,2024,0,1,5,1,1.1117165,6,16
244,Brentford,1,EPL,2024,2,1,3,7,1.3359026666666667,8,10
249,Nottingham Forest,1,EPL,2024,2,3,1,9,1.3487671666666667,6,5
257,Khimki,6,RFPL,2024,1,5,4,8,1.1289478000000002,9,16
263,Nizhny Novgorod,6,RFPL,2024,3,1,6,10,0.6459155,9,19
277,Fakel,6,RFPL,2024,1,3,6,6,0.74504207,4,17
283,Akron,6,RFPL,2024,3,2,5,11,0.9755649999999999,14,18
284,Dynamo Makhachkala,6,RFPL,2024,2,4,4,10,0.5271127,4,8
285,Ipswich,1,EPL,2024,0,4,2,4,0.9570085,5,10
